{
    "Fer a Cheval": 0.0,
    "Couronne d'\u00e9pines": 0.0,
    "Fruit du Destin": 26.846803129840048,
    "Masque \u00e0 gaz": 27.29542490596048,
    "Tron\u00e7onneuse enflamm\u00e9e": 28.63470966812514,
    "Seringue du docteur fou": 29.09516440461804,
    "Potion de Glace": 29.67695977123476,
    "Platree de Berniques": 29.8833857437834,
    "Champignon V\u00e9n\u00e9neux": 30.430472342910793,
    "D\u00e9licieuse pizza": 30.68108534480995,
    "Cape vaudou": 31.053691210774105,
    "Parchemin de Bahn": 32.19208675409741,
    "Fouet du fourbe": 32.32970921825628,
    "Fromage Puant": 32.82517324234593,
    "Elixir de chance": 32.89270620781806,
    "Barde": 34.2778703973969,
    "Potion de feu liquide": 35.700447207399165,
    "Bouclier Dragon": 35.98170269237585,
    "Armure d'honneur": 36.2433351058324,
    "Potion d'adr\u00e9naline": 36.42867150052675,
    "G\u00e2teau spatial": 36.44544090115743,
    "Hache de Glace": 36.612975318770836,
    "Kit vaudou": 37.57571231679181,
    "Boomerang Mystique": 37.75041163280507,
    "Bouclier de l'inventeur": 39.27629607567874,
    "Cape de Plumes": 39.62874291654821,
    "Bo\u00eete de Pandore": 39.747449443818724,
    "Coquillage Magique": 39.791689448373155,
    "Casque Plus": 40.46991179426814,
    "Peigne en or": 40.78768289328975,
    "Valises de Cash": 41.77942471598189,
    "Corne d'abordage": 42.14251705583959,
    "Bouclier cam\u00e9l\u00e9on": 42.64834362875671,
    "Coffre anim\u00e9": 42.89484523802665,
    "Maillet D'Argile": 43.075282191461866,
    "Arbal\u00e8te trop grosse": 43.0791572737353,
    "Gros boulet": 43.72758876752596,
    "Patins \u00e0 Glace": 43.901288375503995,
    "Pioche de diamant": 44.911881482680585,
    "P\u00e2t\u00e9 d'Ange": 45.1415795791493,
    "Plan presque parfait": 45.59224376281266,
    "Bottes de Vitesse": 45.666166053603845,
    "Chameau": 45.76028728132698,
    "Parchemin de T\u00e9l\u00e9portation": 46.00393719696052,
    "D\u00e9 du Tricheur": 46.135637890972355,
    "Fausse couronne": 46.20742237428933,
    "Gants de Ga\u00efa": 46.52900429051322,
    "Enclume instable": 46.66906920498037,
    "Harpe": 46.96640094418245,
    "Getas du novice": 47.282365756704564,
    "C\u0153ur de Dragon": 47.4936544330897,
    "Epaulette du Bourrin": 47.58321095902343,
    "Item 5PV": 47.64213442842727,
    "CasqueBerserk": 47.756742663458255,
    "Potion draconique": 47.7858487479178,
    "ItemUseless": 47.806843206092495,
    "Coursier Volant": 48.06940896439677,
    "Singe dor\u00e9": 48.269434769552355,
    "Item 3PV": 48.583269817203686,
    "C\u0153ur de Golem": 48.60549490052619,
    "Item 3PV 2": 48.67132646523931,
    "Set de C\u0153urs": 49.11113218734098,
    "Canne \u00e0 Chep": 49.243110532108616,
    "Pierre d'\u00e2me": 49.247100338256125,
    "Corbeille d'or": 49.349841365279175,
    "Caisse enchant\u00e9e": 49.36083294538727,
    "Potion de Mana": 49.527821629059055,
    "Item 6PV": 49.59102933744174,
    "Coffre du Roi Sorcier": 49.59877320397211,
    "Viande Crue": 49.645982502221,
    "Tunique classe": 49.954158120218224,
    "Cocktail Molotov": 49.96154905211421,
    "Coquille Salvatrice": 50.15409537100327,
    "Arc enflamm\u00e9": 50.16041060713415,
    "Lunettes du Bricoleur": 50.30694804082273,
    "Pierre du Naga": 50.31907638587528,
    "Perceuse a Breche": 50.4763182518703,
    "Pistolet Pirate": 50.83722672544919,
    "Anneau des Squelettes": 51.04526513895859,
    "Marteau flamboyant": 51.10642598035615,
    "Chapeau styl\u00e9": 51.29259322571203,
    "Katana": 51.354879911392466,
    "Bouclier Magique": 51.36448995446417,
    "D\u00e9 Maudit": 51.495819570624185,
    "Masque de l'Inquisiteur": 51.54559483372124,
    "Chapelet de Vitalit\u00e9": 51.66731895680084,
    "Kebab revigorant": 51.70219370326049,
    "Calice du Roi Sorcier": 51.85364470546034,
    "Queue Du Charognard": 51.90351361795252,
    "Grimoire Inconnu": 51.9065179900087,
    "Armure Damn\u00e9e": 51.99377605827301,
    "Feuille Eternelle": 52.05369805280622,
    "Bouclier cass\u00e9": 52.0689215121549,
    "Item 4PV": 52.23654811275199,
    "Boulet de Canon": 52.36669326805736,
    "Esprit du Donjon": 52.83450622858024,
    "Bo\u00eete \u00e0 butin": 52.88707824706294,
    "Marteau de combat": 52.99286238557681,
    "Yo-yo protecteur": 53.57391212442785,
    "Livre Sacr\u00e9": 53.68740544764306,
    "Cr\u00e2ne du Roi Liche": 53.737244585404994,
    "Lame de l'Harmonie": 53.82218009735095,
    "Masque de la Peste": 53.82731982157864,
    "Epee mystique": 53.898815068585904,
    "Pain maudit": 54.06664045453004,
    "Osselets de R\u00e9surrection": 54.322230964252185,
    "Faux De La Mort": 54.33007152606761,
    "Attrape-R\u00eaves": 54.40895670845102,
    "Couteau Entre Les Dents": 54.49869929242865,
    "Couronne en Mousse": 54.56196523967633,
    "Pelle du Fossoyeur": 55.32852571825304,
    "Bouclier Golemique": 55.365857943823926,
    "Armure Ardente": 56.078273069940366,
    "Potion f\u00e9\u00e9rique": 56.212553877648325,
    "Sceptre actif": 56.22998147129387,
    "Main de Midas": 56.37568746397533,
    "Treize \u00e0 Seize": 56.535669485579724,
    "Pendentif du Novice": 56.74914693297462,
    "Armure du Roi Liche": 56.85764383764236,
    "Torche Rouge": 57.08807156804331,
    "Anneau Plussain": 57.24276440529614,
    "Tentacule du Kraken": 57.80813496197122,
    "Main de Midas B": 58.024697428600774,
    "Griffes de l'Arracheur": 58.51808774351983,
    "Lampe magique": 58.75524317476476,
    "Scaphandre": 58.87250814342986,
    "Talisman Incertain": 59.10279413844963,
    "Anneau de Vie": 59.142547546185895,
    "Patte du RatLiche": 59.41377391185514,
    "Ankh de r\u00e9incarnation": 59.97635184074068,
    "Marteau de Guerre": 60.34785880328946,
    "Anneau volcanique": 60.52711310985922,
    "Maillet Du Roi Liche": 60.7698053261622,
    "Graal en Mousse": 61.18284822428108,
    "Champ de force en mousse": 61.23988692111809,
    "Alliance Sanguine": 61.318913368480096,
    "Dragoune": 61.33996350659816,
    "Sabre m\u00e9canique": 61.34995108950824,
    "Coiffe de sorcier": 61.87666848426621,
    "Torche Bleue": 62.037049111463894,
    "Chapeau du novice": 63.09701515479391,
    "Randotion": 63.337239420250846,
    "Anneau Oceanique": 64.16096314019258,
    "Katana en Mousse": 65.4707489697088,
    "\u00c9p\u00e9e magique al\u00e9atoire": 65.56075757469861,
    "Pare-Buffle du Ponceur": 66.19531188262786,
    "Marteau d'Eternit\u00e9": 66.34305539821449,
    "Couteau Suisse": 66.68543216230606,
    "PotionOuPoison": 67.52233815171199,
    "Anneau du Feu": 69.04857676563427,
    "Lame Draconique": 69.56281674532204,
    "Pied de Biche": 73.36105785060008,
    "Glaive d'argent": 77.340282533463,
    "Robe de mage": 83.02900763785638,
    "Fleau des liches": 83.33513969274489,
    "Gants de combat": 85.22306886898872,
    "Masque Dragon": 86.47310966613288,
    "Anneau Magique": 92.13924175732613,
    "Marmite G\u00e9latineuse": 96.95051968928733,
    "Anneau des surmulots": 108.0247861909562
}