{
    "Couronne d'\u00e9pines": 0.0,
    "Fer a Cheval": 0.0,
    "Platree de Berniques": 26.084895953333902,
    "Seringue du docteur fou": 26.40145324199122,
    "Masque \u00e0 gaz": 26.631426074906695,
    "Elixir de chance": 27.576537200906643,
    "D\u00e9licieuse pizza": 27.771008099797992,
    "Cape vaudou": 27.791712697020923,
    "Fruit du Destin": 27.826334815188687,
    "Tron\u00e7onneuse enflamm\u00e9e": 28.29339571278671,
    "Champignon V\u00e9n\u00e9neux": 29.356319908827736,
    "Potion de Glace": 31.105816477354672,
    "Potion d'adr\u00e9naline": 31.293775680371844,
    "Fouet du fourbe": 31.654890089833177,
    "Fromage Puant": 31.732790457209273,
    "Barde": 32.09484315097207,
    "G\u00e2teau spatial": 32.50859392810777,
    "Parchemin de Bahn": 33.34303108004545,
    "Potion de feu liquide": 33.60823958148856,
    "Armure d'honneur": 34.16216723422493,
    "Hache de Glace": 34.65593818121211,
    "Aspis d'H\u00e9racl\u00e8s": 35.19154303498309,
    "Cape de Plumes": 35.256855416387275,
    "Casque Plus": 36.367226452191716,
    "Boomerang Mystique": 37.236996748668496,
    "Valises de Cash": 37.697738798136854,
    "Kit vaudou": 38.09975605809035,
    "Bouillon d'\u00e2mes": 39.016474150360594,
    "Arbal\u00e8te trop grosse": 39.55432249714242,
    "ItemUseless": 39.906799397971184,
    "Peigne en or": 39.935147604872185,
    "Bouclier Dragon": 40.007571953410526,
    "Parchemin de pon\u00e7age": 40.489492287830146,
    "Coquillage Magique": 41.07193779851609,
    "Bouclier de l'inventeur": 41.23625039963993,
    "P\u00e2t\u00e9 d'Ange": 41.523503915255304,
    "D\u00e9 du Tricheur": 41.526115137301964,
    "Fausse couronne": 42.11188199853762,
    "Bouclier cam\u00e9l\u00e9on": 42.236449811362206,
    "Getas du novice": 43.29006995636912,
    "Enclume instable": 43.75829279479899,
    "Gros boulet": 44.83862364540789,
    "Pierre d'\u00e2me": 44.859883086032106,
    "Bottes de Vitesse": 45.00153205585897,
    "Osselets de R\u00e9surrection": 45.07806883599079,
    "Gants de Ga\u00efa": 45.280882268732135,
    "Corne d'abordage": 45.28245579105543,
    "Potion draconique": 45.45868260593814,
    "Coffre du Roi Sorcier": 45.612298856942395,
    "Item 6PV": 45.67251819781664,
    "Viande Crue": 45.811705203684156,
    "Pioche de diamant": 45.823608308452336,
    "CasqueBerserk": 45.995723139929225,
    "Maillet D'Argile": 46.311199711762754,
    "Item 5PV": 46.377029902052236,
    "Bo\u00eete de Pandore": 46.71472917070537,
    "Boulet de Canon": 46.76431446870775,
    "Singe dor\u00e9": 47.00919412744676,
    "C\u0153ur de Golem": 47.011681798396566,
    "Tunique classe": 47.380276222769574,
    "Parchemin de T\u00e9l\u00e9portation": 47.43490550479862,
    "Patins \u00e0 Glace": 47.6732353285422,
    "Canne \u00e0 Chep": 48.02684274919723,
    "Masque de l'Inquisiteur": 48.03312355632159,
    "Corbeille d'or": 48.358033620559084,
    "Coffre anim\u00e9": 48.401880888741914,
    "Pierre du Naga": 48.476301171607346,
    "Plan presque parfait": 48.526309163142855,
    "Harpe": 48.889349032317966,
    "Marteau flamboyant": 49.36013769730465,
    "Yo-yo protecteur": 49.434528643117105,
    "Caisse enchant\u00e9e": 49.77087003813606,
    "Set de C\u0153urs": 49.997454278224936,
    "Item 3PV 2": 50.05440881599573,
    "Epaulette du Bourrin": 50.33849034162864,
    "Araign\u00e9e domestique": 50.41116040666492,
    "Katana": 50.643572302765506,
    "Perceuse a Breche": 50.711540861051205,
    "Item 4PV": 50.77902166843529,
    "Couronne en Mousse": 50.81337499281331,
    "Chameau": 50.83503869561407,
    "Calice du Roi Sorcier": 50.839108345433104,
    "Kebab revigorant": 51.36947883550101,
    "Cocktail Molotov": 51.582684221010865,
    "Esprit du Donjon": 51.78628906017686,
    "Grelot du Bouffon": 51.8709115255016,
    "Coquille Salvatrice": 51.90261061890742,
    "Treize \u00e0 Seize": 52.14965832324801,
    "D\u00e9 Maudit": 52.193465353805635,
    "Epee mystique": 53.08268620208931,
    "Queue Du Charognard": 53.323006487235475,
    "Pelle du Fossoyeur": 53.525330212115655,
    "Arc enflamm\u00e9": 53.61432457706742,
    "Item 3PV": 54.04072982185321,
    "Feuille Eternelle": 54.15664748641455,
    "C\u0153ur de Dragon": 54.50934074710532,
    "Codex Diabolus": 54.63421795038921,
    "Lunettes du Bricoleur": 54.65477943656506,
    "Main de Midas": 54.731829596175544,
    "Torche En Mousse": 54.9296737193018,
    "Anneau de Vie": 54.972762000775845,
    "Chapeau styl\u00e9": 55.25816898004354,
    "Attrape-R\u00eaves": 55.34929442758586,
    "Faux De La Mort": 55.53970267284632,
    "Potion f\u00e9\u00e9rique": 56.280605987936674,
    "Coiffe de sorcier": 56.40742503715668,
    "Talisman Incertain": 56.65981809399538,
    "Scaphandre": 57.07048167208043,
    "Bo\u00eete \u00e0 butin": 57.46886331816306,
    "Pistolet Pirate": 57.96469815570017,
    "Armure Damn\u00e9e": 58.090514400063185,
    "Sceptre actif": 58.21458772236051,
    "Masque de la Peste": 58.326124515345526,
    "Graal en Mousse": 58.4494061634988,
    "Lame de l'Harmonie": 58.47262867432595,
    "Ankh de r\u00e9incarnation": 58.59484110504596,
    "Bouclier cass\u00e9": 58.6082989973405,
    "LanceDuDestin": 58.625274249491156,
    "Grimoire Inconnu": 58.87881336664691,
    "Marteau d'Eternit\u00e9": 58.97261025156692,
    "Concentr\u00e9 de fun": 59.30441690568409,
    "Armure Ardente": 59.3676124735113,
    "Anneau Plussain": 59.40121055539115,
    "Champ de force en mousse": 59.42181818535072,
    "Couteau Entre Les Dents": 59.54415795928632,
    "Bouclier Golemique": 59.648434555489224,
    "Potion de Mana": 59.79519587711797,
    "Cr\u00e2ne du Roi Liche": 60.050433103601236,
    "Livre Sacr\u00e9": 60.094732111784595,
    "Exterminator": 60.20831006175612,
    "Marteau de combat": 61.14878292905109,
    "Armure du Roi Liche": 61.501056088225674,
    "Torche Bleue": 61.664465181745584,
    "Chapelet de Vitalit\u00e9": 61.75747481064825,
    "Pain maudit": 61.823450686009814,
    "Katana en Mousse": 62.165790426413714,
    "Main de Midas B": 62.28774875101746,
    "Anneau des Squelettes": 62.877800024521214,
    "Bouclier Magique": 63.357636638710176,
    "Maillet Du Roi Liche": 63.470695806835764,
    "Torche Rouge": 63.86344624528505,
    "Sabre m\u00e9canique": 64.77042752843411,
    "Patte du RatLiche": 64.78381100201617,
    "Chapeau du novice": 65.47290162099804,
    "Lampe magique": 65.97102027950449,
    "Randotion": 66.65909507223094,
    "Pendentif du Novice": 67.0055228322007,
    "Anneau volcanique": 67.72433491988713,
    "Tentacule du Kraken": 67.74964943343376,
    "Anneau Oceanique": 68.02616793112583,
    "Couteau Suisse": 68.05298986079697,
    "PotionOuPoison": 68.65847406410265,
    "Lame Draconique": 69.13159978392999,
    "Marteau de Guerre": 69.14545269942451,
    "\u00c9p\u00e9e magique al\u00e9atoire": 70.58881009587097,
    "Griffes de l'Arracheur": 71.44235518913771,
    "Pied de Biche": 71.63024296306219,
    "Alliance Sanguine": 72.83430351313834,
    "Dragoune": 73.24249882664661,
    "Pare-Buffle du Ponceur": 73.38650915580394,
    "Anneau du Feu": 76.75220538666856,
    "Glaive d'argent": 85.44692639760754,
    "Robe de mage": 86.00689064177742,
    "Fleau des liches": 87.67858365180335,
    "Anneau Magique": 91.62907118383355,
    "Gants de combat": 92.24496898534785,
    "Masque Dragon": 95.12751357036349,
    "Marmite G\u00e9latineuse": 99.88578554276921,
    "Anneau des surmulots": 100.0
}