{
    "Couronne d'\u00e9pines": 0.0,
    "Fer a Cheval": 0.0,
    "Tron\u00e7onneuse enflamm\u00e9e": 28.03737866879771,
    "Masque \u00e0 gaz": 28.649247542967135,
    "Parchemin de Bahn": 30.02072365343821,
    "Platree de Berniques": 31.909890875521555,
    "Champignon V\u00e9n\u00e9neux": 32.03200298115025,
    "Seringue du docteur fou": 32.44235698735085,
    "D\u00e9licieuse pizza": 32.47858617640288,
    "Fouet du fourbe": 32.62778412739566,
    "Potion de Glace": 33.31622188167418,
    "Boomerang Mystique": 33.821346485509615,
    "Cape vaudou": 35.37857867459306,
    "Barde": 35.606080125208365,
    "Hache de Glace": 36.18567235140354,
    "Casque Plus": 36.80141918577917,
    "Bouclier Dragon": 37.35532061659764,
    "Potion de feu liquide": 37.881543883275555,
    "Kit vaudou": 38.12134264660533,
    "Fromage Puant": 38.66731816506543,
    "Elixir de chance": 38.77726522877809,
    "G\u00e2teau spatial": 38.91000734558433,
    "Potion d'adr\u00e9naline": 39.67064957002431,
    "Armure d'honneur": 40.546956424711865,
    "Pioche de diamant": 41.016786671401974,
    "Bouclier de l'inventeur": 41.54473812240541,
    "Peigne en or": 42.07365065304133,
    "Bouclier cam\u00e9l\u00e9on": 42.44105901084277,
    "Bo\u00eete de Pandore": 43.16258754586649,
    "Harpe": 43.34242266287329,
    "Gros boulet": 43.432310035526875,
    "Arbal\u00e8te trop grosse": 43.8958054486363,
    "Valises de Cash": 44.197214290737804,
    "Coquillage Magique": 44.37307324936725,
    "Perceuse a Breche": 45.63769758147017,
    "Coursier Volant": 46.24983622272047,
    "Potion draconique": 46.48126929775233,
    "Fausse couronne": 46.563611881465846,
    "Coffre anim\u00e9": 46.866075125755806,
    "Potion de Mana": 47.009775961761314,
    "Chapeau styl\u00e9": 47.1155420000755,
    "Corne d'abordage": 47.26774581027682,
    "Canne \u00e0 Chep": 47.39669906463058,
    "Patins \u00e0 Glace": 47.55013168842599,
    "Tunique classe": 47.754338602508355,
    "Enclume instable": 47.80157975175952,
    "Katana": 47.88879907314265,
    "Gants de Ga\u00efa": 47.907566230384646,
    "Getas du novice": 47.937553544760966,
    "C\u0153ur de Golem": 48.03729521688834,
    "Singe dor\u00e9": 48.38596029347963,
    "Bouclier Magique": 48.508444650673,
    "Pierre d'\u00e2me": 48.584772346360474,
    "D\u00e9 du Tricheur": 48.818155864140884,
    "Parchemin de T\u00e9l\u00e9portation": 48.95912556250873,
    "Corbeille d'or": 49.04921322284175,
    "Item 3PV": 49.081305891428265,
    "Lunettes du Bricoleur": 49.12770711510014,
    "Yo-yo protecteur": 49.131744063280806,
    "Plan presque parfait": 49.1480220707333,
    "Maillet D'Argile": 49.346671080053525,
    "Grimoire Inconnu": 49.447257018143645,
    "Bottes de Vitesse": 49.52162500102804,
    "C\u0153ur de Dragon": 49.652278668468846,
    "Chameau": 49.753557874866935,
    "Marteau flamboyant": 49.75399834322401,
    "Attrape-R\u00eaves": 49.77526315006304,
    "Coquille Salvatrice": 50.01932937073544,
    "Calice du Roi Sorcier": 50.02278652074841,
    "D\u00e9 Maudit": 50.026548359630375,
    "Caisse enchant\u00e9e": 50.070163558375256,
    "CasqueBerserk": 50.074562202748425,
    "Main de Midas B": 50.09546635430308,
    "Epaulette du Bourrin": 50.38274709758009,
    "Osselets de R\u00e9surrection": 50.85077523323577,
    "Couteau Entre Les Dents": 50.92564312003768,
    "Armure du Roi Liche": 50.94060940400711,
    "ItemUseless": 50.98515223262882,
    "Faux De La Mort": 51.07191035968936,
    "Bo\u00eete \u00e0 butin": 51.08338377538778,
    "Epee mystique": 51.24687911969986,
    "Kebab revigorant": 51.29803394494731,
    "Ankh de r\u00e9incarnation": 51.4222647835422,
    "Torche Rouge": 51.434584351819794,
    "Arc enflamm\u00e9": 51.462867679755185,
    "Coffre du Roi Sorcier": 51.806453414373344,
    "Boulet de Canon": 51.99914446783176,
    "Alliance Sanguine": 52.11849825597809,
    "Lampe magique": 52.39562659783784,
    "Chapelet de Vitalit\u00e9": 52.51969034436737,
    "Item 4PV": 52.63994755004109,
    "Pistolet Pirate": 52.68639037948963,
    "Anneau volcanique": 52.820890692901955,
    "Item 5PV": 52.82167705065945,
    "Queue Du Charognard": 52.990551618371676,
    "Masque de la Peste": 53.00102455563357,
    "Item 3PV 2": 53.07306185252267,
    "Livre Sacr\u00e9": 53.092134535018594,
    "Marteau de combat": 53.10816842295398,
    "Viande Crue": 53.21663496628023,
    "Masque de l'Inquisiteur": 53.26093284955745,
    "Cr\u00e2ne du Roi Liche": 53.27942611515482,
    "Tentacule du Kraken": 53.429973793660686,
    "Main de Midas": 53.566167824017384,
    "Maillet Du Roi Liche": 53.6451271226451,
    "Armure Damn\u00e9e": 53.78234869789437,
    "Armure Ardente": 54.1178375436694,
    "Pendentif du Novice": 54.20424279279082,
    "Esprit du Donjon": 54.57472841356636,
    "Potion f\u00e9\u00e9rique": 54.72447647865518,
    "Lame de l'Harmonie": 54.82604940010851,
    "Treize \u00e0 Seize": 54.91272794466952,
    "Sceptre actif": 55.5531252622398,
    "Item 6PV": 55.686907129943215,
    "Anneau Plussain": 55.81395346748144,
    "Anneau de Vie": 56.058141000762575,
    "Dragoune": 56.20550473877881,
    "Scaphandre": 56.363205361982054,
    "Bouclier cass\u00e9": 56.591720111469456,
    "Feuille Eternelle": 56.59796289850587,
    "Coiffe de sorcier": 56.90737859296164,
    "Pare-Buffle du Ponceur": 58.599739370396776,
    "Katana en Mousse": 58.789115402830674,
    "Graal en Mousse": 58.94229069788507,
    "Couronne en Mousse": 58.96731760915155,
    "Bouclier Golemique": 59.068072776213846,
    "Patte du RatLiche": 59.35374692480207,
    "Talisman Incertain": 59.706162787982294,
    "Marteau de Guerre": 60.32279034523356,
    "Couteau Suisse": 60.4097220848682,
    "Anneau Oceanique": 61.61183228956415,
    "Champ de force en mousse": 61.71067648704741,
    "Chapeau du novice": 61.76573079161861,
    "Sabre m\u00e9canique": 62.00639379338886,
    "Marteau d'Eternit\u00e9": 62.861721521685574,
    "\u00c9p\u00e9e magique al\u00e9atoire": 62.97321197986165,
    "PotionOuPoison": 63.01887608263501,
    "Torche Bleue": 64.22482302246202,
    "Lame Draconique": 65.29848856771241,
    "Randotion": 65.81119873086072,
    "Pied de Biche": 67.29920797854477,
    "Glaive d'argent": 71.44985703487177,
    "Anneau du Feu": 72.73055308239316,
    "Robe de mage": 82.00390368589049,
    "Fleau des liches": 82.37469680590902,
    "Gants de combat": 83.86648215822512,
    "Masque Dragon": 84.46541040796942,
    "Anneau Magique": 85.62342143743291,
    "Marmite G\u00e9latineuse": 86.96583269274026,
    "Anneau des surmulots": 92.52165519362003
}