{
    "Couronne d'\u00e9pines": 0.0,
    "Fer a Cheval": 0.0,
    "Tron\u00e7onneuse enflamm\u00e9e": 27.666215470486513,
    "Masque \u00e0 gaz": 28.850413193038545,
    "Parchemin de Bahn": 30.486510790452826,
    "D\u00e9licieuse pizza": 31.935366472689203,
    "Platree de Berniques": 31.94540478083718,
    "Champignon V\u00e9n\u00e9neux": 32.09456020156928,
    "Fouet du fourbe": 32.36209500461497,
    "Seringue du docteur fou": 32.73781234672407,
    "Potion de Glace": 33.060639703033004,
    "Boomerang Mystique": 33.97057090322485,
    "Cape vaudou": 34.50741970392757,
    "Barde": 35.69363978056153,
    "Casque Plus": 35.92401469539334,
    "Hache de Glace": 36.252427575554904,
    "Bouclier Dragon": 36.626368469347035,
    "Potion de feu liquide": 37.26729163087144,
    "Kit vaudou": 37.33720024373867,
    "Fromage Puant": 39.26065780547186,
    "Potion d'adr\u00e9naline": 39.35604761203058,
    "Elixir de chance": 39.3642907422084,
    "G\u00e2teau spatial": 39.69414164505815,
    "Pioche de diamant": 40.96619621126973,
    "Armure d'honneur": 41.23119159417425,
    "Bouclier de l'inventeur": 41.47536077469947,
    "Peigne en or": 41.677874506082375,
    "Bouclier cam\u00e9l\u00e9on": 42.11564714656085,
    "Bo\u00eete de Pandore": 42.32813470862976,
    "Gros boulet": 42.856546167729284,
    "Valises de Cash": 43.61751549881349,
    "Harpe": 43.93058967702433,
    "Coquillage Magique": 43.964095580987845,
    "Arbal\u00e8te trop grosse": 44.12836408107379,
    "Canne \u00e0 Chep": 45.6118871524719,
    "Perceuse a Breche": 45.701310808774835,
    "Potion draconique": 46.15259528712563,
    "Fausse couronne": 46.35908432993779,
    "Coursier Volant": 46.60806879298941,
    "C\u0153ur de Golem": 46.8054103138725,
    "Getas du novice": 46.971930725846704,
    "Coffre anim\u00e9": 47.02949812964855,
    "Corne d'abordage": 47.07038527699635,
    "Potion de Mana": 47.15400864801959,
    "Chapeau styl\u00e9": 47.170522741949945,
    "Katana": 47.33209000658798,
    "Lunettes du Bricoleur": 47.61106300368428,
    "Patins \u00e0 Glace": 47.62838304629283,
    "Singe dor\u00e9": 47.85506306586338,
    "Gants de Ga\u00efa": 48.20291512348436,
    "Enclume instable": 48.313965228257196,
    "Tunique classe": 48.316174013321614,
    "Bouclier Magique": 48.338618076939554,
    "D\u00e9 du Tricheur": 48.4032553846681,
    "Corbeille d'or": 48.46209534203318,
    "Parchemin de T\u00e9l\u00e9portation": 48.64781362674954,
    "Pierre d'\u00e2me": 48.732000541175644,
    "Attrape-R\u00eaves": 48.894273059634536,
    "Yo-yo protecteur": 48.940303955866796,
    "Bottes de Vitesse": 49.186948459868326,
    "Plan presque parfait": 49.50939890559686,
    "Main de Midas B": 49.519806177472624,
    "C\u0153ur de Dragon": 49.661008842743946,
    "Coquille Salvatrice": 49.851613908385815,
    "CasqueBerserk": 49.93450239889188,
    "Calice du Roi Sorcier": 50.03686181205687,
    "Armure du Roi Liche": 50.06895798613372,
    "Epaulette du Bourrin": 50.14450778535297,
    "Grimoire Inconnu": 50.166230487695444,
    "Chameau": 50.23495192106016,
    "ItemUseless": 50.29373594510544,
    "Item 3PV": 50.42280039683678,
    "Maillet D'Argile": 50.44158996156777,
    "Marteau flamboyant": 50.45340456776559,
    "Caisse enchant\u00e9e": 50.57336795206124,
    "Epee mystique": 50.616989487061716,
    "D\u00e9 Maudit": 50.684525037361425,
    "Osselets de R\u00e9surrection": 50.713738540467205,
    "Bo\u00eete \u00e0 butin": 51.0731222871332,
    "Faux De La Mort": 51.07608468815755,
    "Coffre du Roi Sorcier": 51.13389831492296,
    "Torche Rouge": 51.53487464545792,
    "Couteau Entre Les Dents": 51.566827654928574,
    "Kebab revigorant": 51.56775511105245,
    "Ankh de r\u00e9incarnation": 51.62734395353963,
    "Arc enflamm\u00e9": 51.87571523400403,
    "Item 4PV": 51.91870418780564,
    "Lampe magique": 52.15336353701052,
    "Chapelet de Vitalit\u00e9": 52.161538309053256,
    "Boulet de Canon": 52.17810442071548,
    "Alliance Sanguine": 52.23686176342623,
    "Pistolet Pirate": 52.62040921163273,
    "Masque de l'Inquisiteur": 52.64892073384761,
    "Tentacule du Kraken": 52.66366149808209,
    "Queue Du Charognard": 52.9397049647139,
    "Masque de la Peste": 53.126666734030096,
    "Marteau de combat": 53.31363908012623,
    "Item 3PV 2": 53.36427612431054,
    "Item 5PV": 53.373070781114464,
    "Anneau volcanique": 53.41685994825637,
    "Armure Damn\u00e9e": 53.47210806808842,
    "Esprit du Donjon": 53.50731167212978,
    "Livre Sacr\u00e9": 53.62676298424657,
    "Armure Ardente": 53.944761844608706,
    "Cr\u00e2ne du Roi Liche": 54.14457282973967,
    "Lame de l'Harmonie": 54.149342061490785,
    "Pendentif du Novice": 54.16077432632059,
    "Viande Crue": 54.16447483262511,
    "Main de Midas": 54.18705321887291,
    "Maillet Du Roi Liche": 54.28305913512742,
    "Potion f\u00e9\u00e9rique": 54.512475793617554,
    "Sceptre actif": 54.62915736993229,
    "Bouclier cass\u00e9": 55.5933346488309,
    "Anneau de Vie": 55.81188126767828,
    "Item 6PV": 56.020021872352274,
    "Treize \u00e0 Seize": 56.11083217292264,
    "Coiffe de sorcier": 56.483514922321135,
    "Dragoune": 56.71552738828183,
    "Scaphandre": 57.244379687187845,
    "Anneau Plussain": 57.489800852443075,
    "Feuille Eternelle": 57.71308192272397,
    "Bouclier Golemique": 57.89899019824561,
    "Marteau de Guerre": 58.46193172288213,
    "Couronne en Mousse": 58.794509997065354,
    "Pare-Buffle du Ponceur": 58.97190606217577,
    "Talisman Incertain": 59.44196780931448,
    "Katana en Mousse": 59.479244739772746,
    "Couteau Suisse": 59.87316368500589,
    "Graal en Mousse": 60.197989089515254,
    "Patte du RatLiche": 60.29241033660613,
    "Anneau Oceanique": 60.91483356897284,
    "Champ de force en mousse": 61.247358266469824,
    "Chapeau du novice": 61.34834549818198,
    "Sabre m\u00e9canique": 61.49743207211113,
    "Marteau d'Eternit\u00e9": 62.946818977984044,
    "Torche Bleue": 63.630357312234125,
    "Lame Draconique": 63.82358364751685,
    "\u00c9p\u00e9e magique al\u00e9atoire": 64.15191763105341,
    "PotionOuPoison": 64.44516413508322,
    "Randotion": 64.87313032337016,
    "Pied de Biche": 66.04023869129442,
    "Glaive d'argent": 70.30854702747537,
    "Anneau du Feu": 74.77504939869041,
    "Fleau des liches": 82.10655357134999,
    "Robe de mage": 82.83664535038935,
    "Gants de combat": 84.77066856584395,
    "Masque Dragon": 85.04755019952873,
    "Anneau Magique": 85.1526413477465,
    "Marmite G\u00e9latineuse": 87.471955482722,
    "Anneau des surmulots": 93.7593085573131
}