{
    "Fer a Cheval": 0.0,
    "Couronne d'\u00e9pines": 0.0,
    "Tron\u00e7onneuse enflamm\u00e9e": 27.970475162393313,
    "Masque \u00e0 gaz": 28.721785772343964,
    "Parchemin de Bahn": 30.943775469967044,
    "Platree de Berniques": 31.725274041877476,
    "D\u00e9licieuse pizza": 31.784881188263277,
    "Champignon V\u00e9n\u00e9neux": 32.10520601565419,
    "Fouet du fourbe": 32.213160083593266,
    "Seringue du docteur fou": 32.69268067707378,
    "Potion de Glace": 32.73008891870763,
    "Boomerang Mystique": 34.30866506886885,
    "Cape vaudou": 34.34915648288462,
    "Casque Plus": 35.9928598936384,
    "Barde": 36.10585644693743,
    "Bouclier Dragon": 36.347410259644874,
    "Potion de feu liquide": 36.53492855383796,
    "Hache de Glace": 36.63373237767727,
    "Kit vaudou": 37.60363445157874,
    "Fromage Puant": 39.13423740545289,
    "Potion d'adr\u00e9naline": 39.25452771957922,
    "Elixir de chance": 39.26986873760891,
    "G\u00e2teau spatial": 39.55062509668386,
    "Pioche de diamant": 41.06616348552238,
    "Bouclier de l'inventeur": 41.22469295626928,
    "Armure d'honneur": 41.41313542329607,
    "Peigne en or": 41.450071628448285,
    "Bo\u00eete de Pandore": 42.06154005696262,
    "Bouclier cam\u00e9l\u00e9on": 42.2140064810763,
    "Gros boulet": 42.43420846700812,
    "Valises de Cash": 43.75403067806051,
    "Coquillage Magique": 43.93855140262977,
    "Harpe": 44.11130824606491,
    "Arbal\u00e8te trop grosse": 44.49163012169573,
    "Canne \u00e0 Chep": 45.56298788653773,
    "Coursier Volant": 45.892912235037045,
    "Perceuse a Breche": 46.02461801248697,
    "Fausse couronne": 46.19349799746684,
    "Potion draconique": 46.63183128329818,
    "Getas du novice": 46.64495413532512,
    "Corne d'abordage": 47.1958252700089,
    "Katana": 47.229922562686504,
    "Coffre anim\u00e9": 47.26429742136649,
    "C\u0153ur de Golem": 47.294787815497635,
    "Chapeau styl\u00e9": 47.415068919777525,
    "Lunettes du Bricoleur": 47.62299668562254,
    "Patins \u00e0 Glace": 47.67365568947049,
    "Potion de Mana": 47.74176492492327,
    "Enclume instable": 47.8189553026093,
    "Gants de Ga\u00efa": 47.83923985516236,
    "Tunique classe": 47.87106493692161,
    "Singe dor\u00e9": 48.00557386031018,
    "Corbeille d'or": 48.187054936643385,
    "D\u00e9 du Tricheur": 48.23447638834332,
    "Bouclier Magique": 48.632952994502496,
    "Pierre d'\u00e2me": 48.85594844004384,
    "Parchemin de T\u00e9l\u00e9portation": 48.88076453181485,
    "Bottes de Vitesse": 48.96096929796438,
    "Coquille Salvatrice": 49.49027938198165,
    "Yo-yo protecteur": 49.49753154461315,
    "Calice du Roi Sorcier": 49.52144101207668,
    "Main de Midas B": 49.522942667545784,
    "Plan presque parfait": 49.56081533758926,
    "Epaulette du Bourrin": 49.58066720088167,
    "Attrape-R\u00eaves": 49.66158443391774,
    "CasqueBerserk": 49.77183646337986,
    "Marteau flamboyant": 49.879841991662396,
    "C\u0153ur de Dragon": 49.978082213126285,
    "Maillet D'Argile": 50.05872253370908,
    "Chameau": 50.15581596235212,
    "Armure du Roi Liche": 50.44443346181242,
    "Caisse enchant\u00e9e": 50.500109583907715,
    "Grimoire Inconnu": 50.50836354736681,
    "Coffre du Roi Sorcier": 50.78086024241725,
    "Bo\u00eete \u00e0 butin": 50.83261029471928,
    "ItemUseless": 50.8508788058314,
    "Item 3PV": 51.07265186897958,
    "Osselets de R\u00e9surrection": 51.108183342479236,
    "Faux De La Mort": 51.17859841205036,
    "D\u00e9 Maudit": 51.19027072585234,
    "Couteau Entre Les Dents": 51.285746352625665,
    "Epee mystique": 51.4349556778039,
    "Kebab revigorant": 51.58565648380909,
    "Ankh de r\u00e9incarnation": 51.718404291376,
    "Arc enflamm\u00e9": 51.71973610493025,
    "Torche Rouge": 51.72586882557669,
    "Masque de l'Inquisiteur": 52.20810231275442,
    "Chapelet de Vitalit\u00e9": 52.316379367956316,
    "Alliance Sanguine": 52.439394191545645,
    "Tentacule du Kraken": 52.483164374829684,
    "Boulet de Canon": 52.53242025812563,
    "Item 4PV": 52.799506434517156,
    "Pistolet Pirate": 52.88172357991643,
    "Lampe magique": 52.97902490628172,
    "Esprit du Donjon": 53.00602461891338,
    "Masque de la Peste": 53.18777945713791,
    "Queue Du Charognard": 53.240023083771185,
    "Anneau volcanique": 53.46498749042017,
    "Armure Damn\u00e9e": 53.470843340319924,
    "Item 5PV": 53.50817980054476,
    "Marteau de combat": 53.647263930697505,
    "Livre Sacr\u00e9": 53.67737792492082,
    "Viande Crue": 53.68237118698404,
    "Armure Ardente": 53.729163712316364,
    "Item 3PV 2": 53.8379482367413,
    "Maillet Du Roi Liche": 53.9241093296234,
    "Main de Midas": 54.28665911723243,
    "Lame de l'Harmonie": 54.35922667999748,
    "Cr\u00e2ne du Roi Liche": 54.46222573266648,
    "Potion f\u00e9\u00e9rique": 54.48379360344522,
    "Pendentif du Novice": 54.825990399402436,
    "Item 6PV": 54.85424599764396,
    "Sceptre actif": 55.12997347405572,
    "Dragoune": 55.67560300699125,
    "Treize \u00e0 Seize": 55.723537571762726,
    "Bouclier cass\u00e9": 55.817739483068415,
    "Anneau de Vie": 55.91932883580286,
    "Coiffe de sorcier": 56.3946469587265,
    "Pare-Buffle du Ponceur": 56.93978014464954,
    "Anneau Plussain": 57.28863444495801,
    "Feuille Eternelle": 57.36407751114469,
    "Scaphandre": 57.65591535317003,
    "Bouclier Golemique": 58.33146749350962,
    "Talisman Incertain": 58.49229699395211,
    "Couronne en Mousse": 58.85319090443879,
    "Katana en Mousse": 58.95146326795927,
    "Marteau de Guerre": 59.188910713053396,
    "Couteau Suisse": 59.90109448529532,
    "Graal en Mousse": 60.11137936400293,
    "Anneau Oceanique": 60.37371227031443,
    "Champ de force en mousse": 61.10902824435446,
    "Chapeau du novice": 61.45863344874249,
    "Patte du RatLiche": 61.55440350613797,
    "Sabre m\u00e9canique": 62.09211620685154,
    "Marteau d'Eternit\u00e9": 62.329969051302214,
    "Torche Bleue": 62.947136372389465,
    "\u00c9p\u00e9e magique al\u00e9atoire": 63.778893333428556,
    "Lame Draconique": 63.93918759470084,
    "Randotion": 64.6343583486146,
    "PotionOuPoison": 66.07192288595044,
    "Pied de Biche": 67.08395208682052,
    "Glaive d'argent": 70.78134420460037,
    "Anneau du Feu": 74.03600175726177,
    "Fleau des liches": 81.90716781308683,
    "Robe de mage": 83.5245942635397,
    "Anneau Magique": 84.46237128969919,
    "Gants de combat": 85.11985278718622,
    "Masque Dragon": 85.83415888634721,
    "Marmite G\u00e9latineuse": 88.00821107785914,
    "Anneau des surmulots": 94.86929447814931
}