{
    "Fer a Cheval": 0.0,
    "Couronne d'\u00e9pines": 0.0,
    "Tron\u00e7onneuse enflamm\u00e9e": 27.710008876797065,
    "Masque \u00e0 gaz": 28.779997770171747,
    "Parchemin de Bahn": 30.219072871473198,
    "Champignon V\u00e9n\u00e9neux": 31.85769462461895,
    "Platree de Berniques": 31.87919656041777,
    "D\u00e9licieuse pizza": 32.422737837506986,
    "Fouet du fourbe": 32.704326100008394,
    "Seringue du docteur fou": 32.71920288545831,
    "Potion de Glace": 32.9861396115585,
    "Boomerang Mystique": 34.310226564546745,
    "Cape vaudou": 34.6847195620772,
    "Barde": 35.68061126623232,
    "Hache de Glace": 36.60668383798723,
    "Casque Plus": 36.66623319350673,
    "Bouclier Dragon": 36.9061994433901,
    "Potion de feu liquide": 37.62241154057506,
    "Kit vaudou": 37.62865612491395,
    "G\u00e2teau spatial": 39.36234531472237,
    "Fromage Puant": 39.49522035097779,
    "Elixir de chance": 39.52466595263398,
    "Potion d'adr\u00e9naline": 39.65296414319995,
    "Armure d'honneur": 40.514410500002796,
    "Pioche de diamant": 41.008810832936376,
    "Bouclier de l'inventeur": 41.411136081216405,
    "Peigne en or": 41.538211199309416,
    "Bouclier cam\u00e9l\u00e9on": 42.39851724946534,
    "Gros boulet": 42.56692734466512,
    "Bo\u00eete de Pandore": 42.69213343934471,
    "Valises de Cash": 43.72470316529831,
    "Harpe": 43.76821179525369,
    "Arbal\u00e8te trop grosse": 44.02171312048491,
    "Coquillage Magique": 44.11273882830076,
    "Perceuse a Breche": 45.748298986096515,
    "Potion draconique": 46.281548486587376,
    "Fausse couronne": 46.31234034065754,
    "Canne \u00e0 Chep": 46.46516049783659,
    "Coursier Volant": 46.642368534420335,
    "Potion de Mana": 47.01749293330175,
    "Corne d'abordage": 47.29694805403396,
    "Chapeau styl\u00e9": 47.32173021181838,
    "Getas du novice": 47.329366446105624,
    "Coffre anim\u00e9": 47.43603064876218,
    "C\u0153ur de Golem": 47.54746208626167,
    "Patins \u00e0 Glace": 47.554050733514046,
    "Katana": 47.63404989833888,
    "Tunique classe": 47.7881111863536,
    "Gants de Ga\u00efa": 47.95242576048101,
    "Enclume instable": 48.12133717724903,
    "Yo-yo protecteur": 48.34080512094649,
    "Bouclier Magique": 48.4369709215638,
    "Singe dor\u00e9": 48.660996608272875,
    "D\u00e9 du Tricheur": 48.70251967509909,
    "Lunettes du Bricoleur": 48.78023271131407,
    "Pierre d'\u00e2me": 48.84684498889304,
    "Parchemin de T\u00e9l\u00e9portation": 48.848273937289946,
    "Bottes de Vitesse": 48.90336524111423,
    "Corbeille d'or": 48.94122213003551,
    "Plan presque parfait": 49.26089542822229,
    "Main de Midas B": 49.461570355852444,
    "C\u0153ur de Dragon": 49.475334963281895,
    "Maillet D'Argile": 49.630564485017494,
    "Chameau": 49.6505698771158,
    "Attrape-R\u00eaves": 49.65970655956974,
    "Item 3PV": 49.87210535822648,
    "ItemUseless": 49.995721435251816,
    "Calice du Roi Sorcier": 50.154182373140465,
    "Marteau flamboyant": 50.16153353698005,
    "Epaulette du Bourrin": 50.17033480878298,
    "D\u00e9 Maudit": 50.171505731175586,
    "Coquille Salvatrice": 50.1848231076589,
    "Grimoire Inconnu": 50.3038647695187,
    "CasqueBerserk": 50.594812653108946,
    "Caisse enchant\u00e9e": 50.603051081999574,
    "Coffre du Roi Sorcier": 50.80015077883762,
    "Couteau Entre Les Dents": 50.83483943783309,
    "Osselets de R\u00e9surrection": 50.85063403449325,
    "Armure du Roi Liche": 50.87746873072172,
    "Faux De La Mort": 50.888207744018175,
    "Epee mystique": 51.112267031780746,
    "Arc enflamm\u00e9": 51.346609905033425,
    "Kebab revigorant": 51.36334825038075,
    "Bo\u00eete \u00e0 butin": 51.397420666646234,
    "Ankh de r\u00e9incarnation": 51.43864415218367,
    "Torche Rouge": 51.56184703746216,
    "Lampe magique": 51.89337634108453,
    "Alliance Sanguine": 52.04761932945966,
    "Item 4PV": 52.101296506664724,
    "Pistolet Pirate": 52.12528851915823,
    "Boulet de Canon": 52.27154378595206,
    "Masque de l'Inquisiteur": 52.337038039134434,
    "Chapelet de Vitalit\u00e9": 52.38585009805768,
    "Marteau de combat": 52.720010426000485,
    "Queue Du Charognard": 52.752959973496466,
    "Masque de la Peste": 52.79909185758215,
    "Item 5PV": 52.94492984920302,
    "Tentacule du Kraken": 53.027153832484274,
    "Item 3PV 2": 53.07233200470626,
    "Armure Damn\u00e9e": 53.192574544379575,
    "Livre Sacr\u00e9": 53.2429600737613,
    "Anneau volcanique": 53.31596449474755,
    "Cr\u00e2ne du Roi Liche": 53.364596902577304,
    "Viande Crue": 53.73844609160071,
    "Esprit du Donjon": 53.97978409426203,
    "Armure Ardente": 54.102790800983165,
    "Main de Midas": 54.15285917416274,
    "Maillet Du Roi Liche": 54.24444184482145,
    "Potion f\u00e9\u00e9rique": 54.41056841115794,
    "Pendentif du Novice": 54.55081530777813,
    "Lame de l'Harmonie": 54.559974349623,
    "Sceptre actif": 54.90135512708222,
    "Treize \u00e0 Seize": 55.56237915377526,
    "Anneau de Vie": 55.590580968416646,
    "Bouclier cass\u00e9": 55.619664994660326,
    "Item 6PV": 55.9759684676579,
    "Coiffe de sorcier": 56.422102963656386,
    "Anneau Plussain": 56.468164933744845,
    "Dragoune": 56.53899687344878,
    "Scaphandre": 56.68217635363048,
    "Feuille Eternelle": 56.854294030908044,
    "Bouclier Golemique": 58.197392014839316,
    "Katana en Mousse": 58.74766342188163,
    "Pare-Buffle du Ponceur": 58.909245028510085,
    "Couronne en Mousse": 59.04734839805295,
    "Marteau de Guerre": 59.44993689768487,
    "Talisman Incertain": 59.52500647451065,
    "Patte du RatLiche": 59.60056154522984,
    "Graal en Mousse": 60.1471927677551,
    "Couteau Suisse": 60.39862740203557,
    "Chapeau du novice": 61.48592690956809,
    "Anneau Oceanique": 61.6484785877277,
    "Champ de force en mousse": 61.649116842616024,
    "Sabre m\u00e9canique": 61.70608414505599,
    "Marteau d'Eternit\u00e9": 62.64059613543513,
    "PotionOuPoison": 62.98746269652908,
    "\u00c9p\u00e9e magique al\u00e9atoire": 63.547308920025955,
    "Lame Draconique": 63.7282364082476,
    "Torche Bleue": 64.33019062231078,
    "Randotion": 65.17006741489422,
    "Pied de Biche": 67.90143126440321,
    "Glaive d'argent": 71.57969346748898,
    "Anneau du Feu": 74.01262293229071,
    "Fleau des liches": 82.02621826272467,
    "Robe de mage": 82.13584133812091,
    "Gants de combat": 84.45453223061514,
    "Masque Dragon": 84.53306518551724,
    "Anneau Magique": 85.1562558273902,
    "Marmite G\u00e9latineuse": 86.92748962740481,
    "Anneau des surmulots": 93.47545839299218
}