{
    "Couronne d'\u00e9pines": 0.0,
    "Fer a Cheval": 0.0,
    "Masque \u00e0 gaz": 27.005256381599768,
    "Fruit du Destin": 27.01564274268831,
    "Seringue du docteur fou": 28.97496447728276,
    "Tron\u00e7onneuse enflamm\u00e9e": 28.98677030062094,
    "Potion de Glace": 29.750804153458457,
    "Platree de Berniques": 29.96469682018686,
    "Champignon V\u00e9n\u00e9neux": 30.409432669901076,
    "Cape vaudou": 30.911136472704953,
    "D\u00e9licieuse pizza": 30.946417641513044,
    "Parchemin de Bahn": 31.955257223566583,
    "Fouet du fourbe": 32.09843883970521,
    "Elixir de chance": 32.459017444031524,
    "Fromage Puant": 33.13557482532815,
    "Barde": 33.760226977236314,
    "Potion de feu liquide": 35.57369479040476,
    "Bouclier Dragon": 35.945008359345756,
    "G\u00e2teau spatial": 36.58322276231836,
    "Potion d'adr\u00e9naline": 36.862306804493215,
    "Armure d'honneur": 36.87169818075165,
    "Hache de Glace": 37.215661290412626,
    "Boomerang Mystique": 37.98457051709665,
    "Kit vaudou": 38.1092005006702,
    "Coquillage Magique": 39.15112047382996,
    "Bouclier de l'inventeur": 39.417827376441586,
    "Casque Plus": 39.840111714952904,
    "Cape de Plumes": 39.858446732912896,
    "Bo\u00eete de Pandore": 40.05029904366421,
    "Peigne en or": 41.12236447477243,
    "Valises de Cash": 41.49821474456484,
    "Corne d'abordage": 41.932356733716276,
    "Coffre anim\u00e9": 42.231959188136685,
    "Bouclier cam\u00e9l\u00e9on": 42.78714878236168,
    "Arbal\u00e8te trop grosse": 42.92135807010524,
    "Maillet D'Argile": 43.05613030665924,
    "Gros boulet": 43.88275586653258,
    "Patins \u00e0 Glace": 44.423190634141164,
    "Chameau": 44.88194468441509,
    "Fausse couronne": 45.09729362217796,
    "P\u00e2t\u00e9 d'Ange": 45.12686383726235,
    "Pioche de diamant": 45.69187787395104,
    "Bottes de Vitesse": 45.79057207683525,
    "Plan presque parfait": 45.970451386233115,
    "Gants de Ga\u00efa": 46.010847651949256,
    "Enclume instable": 46.145476954126494,
    "D\u00e9 du Tricheur": 46.21538261241017,
    "Harpe": 46.787578732112564,
    "ItemUseless": 47.18329223464531,
    "Parchemin de T\u00e9l\u00e9portation": 47.195779329082754,
    "CasqueBerserk": 47.20160509262251,
    "Item 5PV": 47.59531947554219,
    "Epaulette du Bourrin": 47.67150253559571,
    "Getas du novice": 47.737646365244956,
    "C\u0153ur de Dragon": 47.90998645529696,
    "Potion draconique": 47.97710708151206,
    "Coursier Volant": 48.03515060411398,
    "Singe dor\u00e9": 48.147927114517245,
    "Pierre d'\u00e2me": 48.213707736431,
    "Item 3PV 2": 48.326674088509655,
    "Canne \u00e0 Chep": 48.769264510406245,
    "Corbeille d'or": 48.86053388756841,
    "Set de C\u0153urs": 49.09807795958036,
    "Caisse enchant\u00e9e": 49.17968330555683,
    "Coffre du Roi Sorcier": 49.21704930163428,
    "Item 6PV": 49.29209166429443,
    "Item 3PV": 49.40131391975421,
    "C\u0153ur de Golem": 49.455450138853,
    "Potion de Mana": 49.67471404078687,
    "Coquille Salvatrice": 49.77920997551156,
    "Lunettes du Bricoleur": 49.92528589095664,
    "Tunique classe": 50.02490094023668,
    "Viande Crue": 50.135048344639934,
    "Cocktail Molotov": 50.302961472619785,
    "Pierre du Naga": 50.376170544450275,
    "Katana": 50.79884406380162,
    "Arc enflamm\u00e9": 50.826791727794586,
    "Chapeau styl\u00e9": 50.94065413039019,
    "Pistolet Pirate": 51.0341757606302,
    "Anneau des Squelettes": 51.104449015367365,
    "Perceuse a Breche": 51.272467197242364,
    "Marteau flamboyant": 51.29257532536671,
    "Armure Damn\u00e9e": 51.48054320879565,
    "Boulet de Canon": 51.52825546137538,
    "Masque de l'Inquisiteur": 51.583924078561964,
    "Kebab revigorant": 51.67431637928328,
    "D\u00e9 Maudit": 51.68875474368029,
    "Feuille Eternelle": 51.846562133554876,
    "Item 4PV": 52.02346936174005,
    "Grimoire Inconnu": 52.13902947021312,
    "Chapelet de Vitalit\u00e9": 52.14437741112144,
    "Bo\u00eete \u00e0 butin": 52.19348851140714,
    "Calice du Roi Sorcier": 52.36069671523359,
    "Bouclier Magique": 52.44058631837724,
    "Bouclier cass\u00e9": 52.56674113627448,
    "Queue Du Charognard": 52.6822426139367,
    "Esprit du Donjon": 52.83834273891367,
    "Lame de l'Harmonie": 53.05389037286736,
    "Marteau de combat": 53.211421521076176,
    "Cr\u00e2ne du Roi Liche": 53.538851636198494,
    "Epee mystique": 53.67313537292281,
    "Yo-yo protecteur": 53.85798829869112,
    "Livre Sacr\u00e9": 53.90626762252164,
    "Masque de la Peste": 54.035321935108605,
    "Pain maudit": 54.355254119307816,
    "Couteau Entre Les Dents": 54.4924352315505,
    "Osselets de R\u00e9surrection": 54.57979335037932,
    "Faux De La Mort": 54.595343127481904,
    "Couronne en Mousse": 55.175182768939656,
    "Attrape-R\u00eaves": 55.26257283725259,
    "Bouclier Golemique": 55.46344220254041,
    "Pelle du Fossoyeur": 55.697722080651744,
    "Pendentif du Novice": 55.72084890506558,
    "Treize \u00e0 Seize": 55.86416156873402,
    "Armure Ardente": 56.07800562960959,
    "Armure du Roi Liche": 56.11036890309027,
    "Main de Midas": 56.26564585143825,
    "Sceptre actif": 56.311769362099284,
    "Potion f\u00e9\u00e9rique": 56.36478032759182,
    "Tentacule du Kraken": 57.315625174374816,
    "Torche Rouge": 57.41692513084725,
    "Main de Midas B": 57.61676034085103,
    "Scaphandre": 57.90157944939459,
    "Anneau Plussain": 58.49905116350439,
    "Anneau de Vie": 58.5631481916694,
    "Lampe magique": 58.74371575817988,
    "Griffes de l'Arracheur": 58.795139627542966,
    "Patte du RatLiche": 59.00580673999419,
    "Talisman Incertain": 59.44731477460388,
    "Ankh de r\u00e9incarnation": 59.8604750327876,
    "Champ de force en mousse": 60.25950920795984,
    "Anneau volcanique": 60.378065325712825,
    "Maillet Du Roi Liche": 60.522444755482525,
    "Sabre m\u00e9canique": 60.78654226098374,
    "Alliance Sanguine": 60.96565770344965,
    "Marteau de Guerre": 61.213533326877936,
    "Coiffe de sorcier": 61.72359242015341,
    "Graal en Mousse": 61.77846494217687,
    "Torche Bleue": 61.88876764268961,
    "Dragoune": 62.17129818468166,
    "Chapeau du novice": 62.39033832424201,
    "Randotion": 63.081917894227786,
    "Anneau Oceanique": 63.435835911359334,
    "Katana en Mousse": 65.64137850541935,
    "\u00c9p\u00e9e magique al\u00e9atoire": 65.85881018121565,
    "Marteau d'Eternit\u00e9": 66.19217618605454,
    "Pare-Buffle du Ponceur": 66.34884058553966,
    "PotionOuPoison": 67.09140465724718,
    "Couteau Suisse": 67.80432292377331,
    "Anneau du Feu": 68.56004494058809,
    "Lame Draconique": 68.92861722209878,
    "Pied de Biche": 73.50159703871036,
    "Glaive d'argent": 78.33598934186189,
    "Fleau des liches": 83.31585102366739,
    "Gants de combat": 83.32660939917025,
    "Robe de mage": 83.9257645567163,
    "Masque Dragon": 85.55819764698953,
    "Anneau Magique": 92.76950921901656,
    "Marmite G\u00e9latineuse": 97.21491164431228,
    "Anneau des surmulots": 107.02773461214781
}