{
    "Couronne d'\u00e9pines": 0.0,
    "Fer a Cheval": 0.0,
    "Fruit du Destin": 27.110230827237288,
    "Masque \u00e0 gaz": 27.679230012396708,
    "Tron\u00e7onneuse enflamm\u00e9e": 28.781645994985276,
    "Seringue du docteur fou": 29.412731342066937,
    "Potion de Glace": 29.426140155279096,
    "Platree de Berniques": 30.009184971487954,
    "Champignon V\u00e9n\u00e9neux": 30.224712123958525,
    "D\u00e9licieuse pizza": 30.769267142620805,
    "Cape vaudou": 31.579118773680147,
    "Parchemin de Bahn": 32.09238119343504,
    "Fouet du fourbe": 32.737091239698586,
    "Elixir de chance": 33.04799702402428,
    "Fromage Puant": 33.1429979530853,
    "Barde": 34.656157841279196,
    "Bouclier Dragon": 35.6123759557604,
    "Potion de feu liquide": 35.706241640917426,
    "Potion d'adr\u00e9naline": 36.29705306464404,
    "G\u00e2teau spatial": 36.46028610146257,
    "Hache de Glace": 36.66213435306371,
    "Armure d'honneur": 36.74929970993143,
    "Kit vaudou": 37.33649549592725,
    "Boomerang Mystique": 38.07224719669814,
    "Bouclier de l'inventeur": 39.111388489480305,
    "Cape de Plumes": 39.65358223033777,
    "Coquillage Magique": 40.0342448995276,
    "Casque Plus": 40.12998763086077,
    "Bo\u00eete de Pandore": 40.1716253949466,
    "Peigne en or": 40.51444608653635,
    "Valises de Cash": 42.198787346752496,
    "Bouclier cam\u00e9l\u00e9on": 42.38691255556496,
    "Corne d'abordage": 42.51195276158312,
    "Arbal\u00e8te trop grosse": 43.00835955467936,
    "Coffre anim\u00e9": 43.21644494912903,
    "Maillet D'Argile": 43.2570521669681,
    "Gros boulet": 43.450302796668474,
    "Patins \u00e0 Glace": 44.15812657664636,
    "Chameau": 45.1822300673531,
    "Pioche de diamant": 45.405824396248704,
    "Plan presque parfait": 45.56416726687133,
    "Bottes de Vitesse": 45.787718690791415,
    "Fausse couronne": 45.79669733990382,
    "P\u00e2t\u00e9 d'Ange": 45.81372263626871,
    "Parchemin de T\u00e9l\u00e9portation": 46.116807905496856,
    "D\u00e9 du Tricheur": 46.36602451717131,
    "Enclume instable": 46.69143482625708,
    "Gants de Ga\u00efa": 46.97137132607887,
    "Epaulette du Bourrin": 47.02732594092796,
    "Harpe": 47.04292717225151,
    "Getas du novice": 47.45212173622798,
    "C\u0153ur de Dragon": 47.4932548782985,
    "Coursier Volant": 47.59802664697297,
    "Item 3PV 2": 47.97233860866472,
    "CasqueBerserk": 48.16234093870029,
    "ItemUseless": 48.1849434439403,
    "Potion draconique": 48.20927539364426,
    "Item 5PV": 48.56208729241045,
    "Canne \u00e0 Chep": 48.648323612726145,
    "Item 3PV": 48.74535730783241,
    "Singe dor\u00e9": 48.83972666920743,
    "Set de C\u0153urs": 48.92712686711816,
    "Pierre d'\u00e2me": 48.96372780358641,
    "C\u0153ur de Golem": 49.05431866047964,
    "Cocktail Molotov": 49.12625666302312,
    "Tunique classe": 49.20172535687378,
    "Potion de Mana": 49.39892520022525,
    "Corbeille d'or": 49.51952190346394,
    "Viande Crue": 49.52391495632574,
    "Item 6PV": 49.627711273541486,
    "Caisse enchant\u00e9e": 49.648248692740246,
    "Pierre du Naga": 49.94623532943494,
    "Coquille Salvatrice": 50.236255128672546,
    "Coffre du Roi Sorcier": 50.31475251587232,
    "Perceuse a Breche": 50.45608216446601,
    "Lunettes du Bricoleur": 50.55145415246291,
    "Chapeau styl\u00e9": 50.60178856970682,
    "Arc enflamm\u00e9": 50.66188309475668,
    "Marteau flamboyant": 50.879333816337564,
    "Anneau des Squelettes": 51.03080206499197,
    "Masque de l'Inquisiteur": 51.08771552031618,
    "Katana": 51.097912700582256,
    "Pistolet Pirate": 51.20996707299389,
    "Feuille Eternelle": 51.35047619549492,
    "Chapelet de Vitalit\u00e9": 51.39608657509732,
    "Bouclier Magique": 51.51133482909555,
    "Item 4PV": 51.61717447652162,
    "D\u00e9 Maudit": 51.782872776025684,
    "Calice du Roi Sorcier": 51.81475152278212,
    "Grimoire Inconnu": 51.98308161000115,
    "Boulet de Canon": 52.26329624655439,
    "Bouclier cass\u00e9": 52.39267187814559,
    "Armure Damn\u00e9e": 52.48302221509357,
    "Kebab revigorant": 52.5200354139044,
    "Queue Du Charognard": 52.7456466145528,
    "Bo\u00eete \u00e0 butin": 52.86759964089845,
    "Marteau de combat": 53.256622703422536,
    "Epee mystique": 53.33499782294777,
    "Esprit du Donjon": 53.46849847268879,
    "Masque de la Peste": 53.528289509751424,
    "Osselets de R\u00e9surrection": 53.53689888438397,
    "Pain maudit": 53.85237703181428,
    "Cr\u00e2ne du Roi Liche": 53.93753591697751,
    "Lame de l'Harmonie": 54.09941760512893,
    "Couteau Entre Les Dents": 54.16869723950501,
    "Faux De La Mort": 54.19864818952473,
    "Attrape-R\u00eaves": 54.3454990439825,
    "Yo-yo protecteur": 54.43042203959409,
    "Couronne en Mousse": 54.65430095569921,
    "Livre Sacr\u00e9": 54.81908776341545,
    "Bouclier Golemique": 55.27729785142371,
    "Pelle du Fossoyeur": 55.55894267435298,
    "Armure du Roi Liche": 55.95697325855501,
    "Main de Midas": 56.333066798580894,
    "Sceptre actif": 56.46624101500623,
    "Anneau Plussain": 56.47187967960396,
    "Armure Ardente": 56.481165548879886,
    "Potion f\u00e9\u00e9rique": 56.603067928978646,
    "Torche Rouge": 56.62049912293377,
    "Pendentif du Novice": 57.04412167846592,
    "Tentacule du Kraken": 57.57518409824392,
    "Main de Midas B": 57.750998747366125,
    "Treize \u00e0 Seize": 57.766816927302436,
    "Griffes de l'Arracheur": 57.81651177252968,
    "Lampe magique": 59.098127802382784,
    "Scaphandre": 59.11220473876426,
    "Talisman Incertain": 59.373021131042385,
    "Ankh de r\u00e9incarnation": 59.62524120055127,
    "Marteau de Guerre": 59.76622072778869,
    "Patte du RatLiche": 59.895224737958465,
    "Graal en Mousse": 60.19913855517729,
    "Maillet Du Roi Liche": 60.218319553224575,
    "Anneau de Vie": 60.319990207295376,
    "Alliance Sanguine": 60.82870701474833,
    "Anneau volcanique": 61.12154932030255,
    "Sabre m\u00e9canique": 61.31766592590125,
    "Torche Bleue": 61.39431404172838,
    "Coiffe de sorcier": 61.483290555678984,
    "Dragoune": 61.81768788479387,
    "Champ de force en mousse": 62.23031728786913,
    "Chapeau du novice": 62.5684700642084,
    "Randotion": 63.11036870207907,
    "Anneau Oceanique": 63.92024589646345,
    "\u00c9p\u00e9e magique al\u00e9atoire": 65.04183085255885,
    "Katana en Mousse": 65.46293207919747,
    "Couteau Suisse": 65.74460340806631,
    "Marteau d'Eternit\u00e9": 66.33443218826258,
    "Pare-Buffle du Ponceur": 66.76795350981136,
    "PotionOuPoison": 67.08801640757312,
    "Lame Draconique": 69.3392395503677,
    "Anneau du Feu": 69.74657966087568,
    "Pied de Biche": 74.04053714207072,
    "Glaive d'argent": 77.34232268663905,
    "Robe de mage": 83.18629093006491,
    "Fleau des liches": 84.14107822397477,
    "Gants de combat": 85.45825807756994,
    "Masque Dragon": 86.52527278640518,
    "Anneau Magique": 92.62499109711537,
    "Marmite G\u00e9latineuse": 96.80853785417682,
    "Anneau des surmulots": 108.07538600337872
}