{
    "Couronne d'\u00e9pines": 0.0,
    "Fer a Cheval": 0.0,
    "Tron\u00e7onneuse enflamm\u00e9e": 28.18171475311688,
    "Masque \u00e0 gaz": 28.802833204901347,
    "Parchemin de Bahn": 30.625638931165827,
    "Platree de Berniques": 31.678774365977343,
    "D\u00e9licieuse pizza": 31.8357267743292,
    "Champignon V\u00e9n\u00e9neux": 32.03656163482687,
    "Fouet du fourbe": 32.35076328926339,
    "Potion de Glace": 32.524057748418755,
    "Seringue du docteur fou": 32.66872884980346,
    "Boomerang Mystique": 33.95660461351001,
    "Cape vaudou": 34.44393674759468,
    "Bouclier Dragon": 35.74180517367267,
    "Barde": 36.14484451308744,
    "Casque Plus": 36.39532900046402,
    "Hache de Glace": 37.03571303967704,
    "Potion de feu liquide": 37.13480317925422,
    "Kit vaudou": 37.36173259931349,
    "Fromage Puant": 39.13769770005144,
    "Potion d'adr\u00e9naline": 39.14283612797982,
    "Elixir de chance": 39.16760879662203,
    "G\u00e2teau spatial": 39.33360491692277,
    "Pioche de diamant": 41.161458129689905,
    "Bouclier de l'inventeur": 41.21898747932656,
    "Armure d'honneur": 41.600031196062424,
    "Bouclier cam\u00e9l\u00e9on": 41.89679421418798,
    "Peigne en or": 42.09055601622378,
    "Bo\u00eete de Pandore": 42.29887671166509,
    "Gros boulet": 42.54701158493197,
    "Valises de Cash": 44.13849086653281,
    "Coquillage Magique": 44.50349556548435,
    "Harpe": 44.67386848828295,
    "Arbal\u00e8te trop grosse": 44.79465120994326,
    "Canne \u00e0 Chep": 45.25931899603327,
    "Perceuse a Breche": 45.59999837432391,
    "Getas du novice": 45.88715806877758,
    "Fausse couronne": 46.45409474858987,
    "Coursier Volant": 46.656022819560704,
    "Corne d'abordage": 46.72155697618446,
    "Potion draconique": 47.066407131251744,
    "Lunettes du Bricoleur": 47.125010216414495,
    "Potion de Mana": 47.20024734005748,
    "Coffre anim\u00e9": 47.241086109174596,
    "Patins \u00e0 Glace": 47.28103292383466,
    "Katana": 47.31636379165863,
    "C\u0153ur de Golem": 47.38083553312296,
    "Chapeau styl\u00e9": 47.70828525303365,
    "Tunique classe": 47.916131293591675,
    "Enclume instable": 47.94532233614484,
    "Corbeille d'or": 48.217037247579,
    "Gants de Ga\u00efa": 48.217067591845726,
    "D\u00e9 du Tricheur": 48.229340211832294,
    "Parchemin de T\u00e9l\u00e9portation": 48.23423366068974,
    "Singe dor\u00e9": 48.285964649816684,
    "Bouclier Magique": 48.51162950027865,
    "Bottes de Vitesse": 48.76910348568916,
    "CasqueBerserk": 49.28751336519304,
    "Plan presque parfait": 49.30962218120251,
    "Pierre d'\u00e2me": 49.33523193226055,
    "Main de Midas B": 49.464445273527545,
    "C\u0153ur de Dragon": 49.509888330725516,
    "Yo-yo protecteur": 49.55456782536524,
    "Attrape-R\u00eaves": 49.56970313509893,
    "Coquille Salvatrice": 49.62755196224582,
    "Epaulette du Bourrin": 49.795283196737664,
    "Maillet D'Argile": 49.871783629605474,
    "Marteau flamboyant": 49.98910297315054,
    "ItemUseless": 50.01065518708271,
    "Calice du Roi Sorcier": 50.070373029384015,
    "Chameau": 50.23297515619145,
    "Armure du Roi Liche": 50.56484579379539,
    "Caisse enchant\u00e9e": 50.6124678181078,
    "Item 3PV": 50.862861635396165,
    "Bo\u00eete \u00e0 butin": 50.99457590255012,
    "Arc enflamm\u00e9": 51.00665634181209,
    "Coffre du Roi Sorcier": 51.008072553013264,
    "Grimoire Inconnu": 51.0610063770655,
    "Torche Rouge": 51.447570911095795,
    "Epee mystique": 51.45862521242583,
    "D\u00e9 Maudit": 51.465660626103976,
    "Faux De La Mort": 51.47190617813835,
    "Couteau Entre Les Dents": 51.476286691277075,
    "Kebab revigorant": 51.48239203889987,
    "Osselets de R\u00e9surrection": 51.68129713871337,
    "Tentacule du Kraken": 51.99010355198344,
    "Masque de l'Inquisiteur": 52.03731054093619,
    "Pistolet Pirate": 52.32498675494967,
    "Item 5PV": 52.47197048570682,
    "Boulet de Canon": 52.52420965998366,
    "Alliance Sanguine": 52.61160552117261,
    "Chapelet de Vitalit\u00e9": 52.71627692045865,
    "Ankh de r\u00e9incarnation": 52.72234881914163,
    "Masque de la Peste": 52.8299109587786,
    "Lampe magique": 53.16785239766515,
    "Armure Damn\u00e9e": 53.20076456129707,
    "Item 4PV": 53.20347823356303,
    "Main de Midas": 53.38084774552753,
    "Viande Crue": 53.41324300277147,
    "Lame de l'Harmonie": 53.44186309518175,
    "Item 3PV 2": 53.63360847391008,
    "Queue Du Charognard": 53.6482645194633,
    "Anneau volcanique": 53.76287705868555,
    "Esprit du Donjon": 53.778274517267924,
    "Maillet Du Roi Liche": 53.96184854555228,
    "Armure Ardente": 54.026143422946355,
    "Potion f\u00e9\u00e9rique": 54.03996623636448,
    "Marteau de combat": 54.148189970275396,
    "Livre Sacr\u00e9": 54.54660914670156,
    "Pendentif du Novice": 54.672943978815056,
    "Item 6PV": 54.69610926681915,
    "Cr\u00e2ne du Roi Liche": 54.80364551480166,
    "Sceptre actif": 55.05363583026523,
    "Bouclier cass\u00e9": 55.565397253048566,
    "Dragoune": 55.685293344824984,
    "Treize \u00e0 Seize": 55.889862786579315,
    "Anneau de Vie": 55.92365908199176,
    "Pare-Buffle du Ponceur": 56.27841897413981,
    "Anneau Plussain": 56.53929248443551,
    "Coiffe de sorcier": 56.66761442139222,
    "Feuille Eternelle": 57.03993949833318,
    "Scaphandre": 58.10035463410472,
    "Katana en Mousse": 58.460216365982475,
    "Talisman Incertain": 58.61181470460266,
    "Marteau de Guerre": 58.72564019177959,
    "Bouclier Golemique": 58.78161238166844,
    "Couronne en Mousse": 59.297958792350755,
    "Graal en Mousse": 59.53050805652576,
    "Couteau Suisse": 59.89812998815892,
    "Chapeau du novice": 60.446094699648484,
    "Anneau Oceanique": 61.25957399016674,
    "Champ de force en mousse": 61.98573463344733,
    "Patte du RatLiche": 62.466164069489345,
    "Marteau d'Eternit\u00e9": 62.518229760119226,
    "Sabre m\u00e9canique": 63.05063025868101,
    "Torche Bleue": 63.46824184505213,
    "Lame Draconique": 64.26174955077241,
    "\u00c9p\u00e9e magique al\u00e9atoire": 64.31399127854586,
    "Randotion": 64.3500881225401,
    "PotionOuPoison": 65.46657925204997,
    "Pied de Biche": 67.99938177224811,
    "Glaive d'argent": 70.96494103023511,
    "Anneau du Feu": 75.52160590257759,
    "Robe de mage": 83.55799634759899,
    "Fleau des liches": 83.66403791522931,
    "Anneau Magique": 84.19721122032131,
    "Gants de combat": 86.68406011766783,
    "Masque Dragon": 87.94090486658553,
    "Marmite G\u00e9latineuse": 89.51298186280228,
    "Anneau des surmulots": 95.40715975547825
}