{
    "Fer a Cheval": 0.0,
    "Couronne d'\u00e9pines": 0.0,
    "Tron\u00e7onneuse enflamm\u00e9e": 29.254516118889278,
    "Masque \u00e0 gaz": 29.999915282633534,
    "Parchemin de Bahn": 31.15942768140272,
    "Fouet du fourbe": 31.932303481357867,
    "Champignon V\u00e9n\u00e9neux": 32.4892402936802,
    "Platree de Berniques": 32.65032077877084,
    "Seringue du docteur fou": 33.019424797955836,
    "D\u00e9licieuse pizza": 33.177432199777456,
    "Potion de Glace": 34.36425545529268,
    "Boomerang Mystique": 34.633952826228075,
    "Barde": 36.22145564140706,
    "Hache de Glace": 36.66305193767118,
    "Bouclier Dragon": 36.698463655855114,
    "Cape vaudou": 36.7413163665086,
    "Casque Plus": 37.87407136089111,
    "Potion de feu liquide": 37.87932888615156,
    "Elixir de chance": 39.26182736705188,
    "Fromage Puant": 39.37044954489117,
    "Potion d'adr\u00e9naline": 39.98295501226562,
    "Kit vaudou": 40.77067907081126,
    "Bouclier de l'inventeur": 40.86645510634154,
    "G\u00e2teau spatial": 41.09747203120837,
    "Armure d'honneur": 41.244946978925796,
    "Bo\u00eete de Pandore": 41.873410481506085,
    "Pioche de diamant": 42.04451291138136,
    "Bouclier cam\u00e9l\u00e9on": 42.12957250105762,
    "Peigne en or": 42.25773524955558,
    "Arbal\u00e8te trop grosse": 42.985433882824665,
    "Valises de Cash": 43.89048273708034,
    "Coquillage Magique": 44.56769744856631,
    "Gros boulet": 44.571928306652424,
    "Harpe": 44.8400777782749,
    "Potion draconique": 45.29714283098127,
    "Perceuse a Breche": 45.34471848550467,
    "Corne d'abordage": 45.42093191655566,
    "Enclume instable": 45.7784691790858,
    "Potion de Mana": 46.586846539931564,
    "Coffre anim\u00e9": 46.79144517028642,
    "Getas du novice": 46.8762203180978,
    "Gants de Ga\u00efa": 47.226359036055726,
    "Tunique classe": 47.4165017081615,
    "Canne \u00e0 Chep": 47.52127236007164,
    "Patins \u00e0 Glace": 47.60452839883331,
    "Chapeau styl\u00e9": 48.10265019069081,
    "Yo-yo protecteur": 48.24262112390377,
    "Fausse couronne": 48.302382267737556,
    "Katana": 48.34301850836542,
    "D\u00e9 du Tricheur": 48.48996761049484,
    "Maillet D'Argile": 48.645218191164545,
    "Pierre d'\u00e2me": 48.655131666424964,
    "Parchemin de T\u00e9l\u00e9portation": 48.7210236473786,
    "CasqueBerserk": 48.723111551745006,
    "Epaulette du Bourrin": 48.84215697744921,
    "Coursier Volant": 48.883559097871945,
    "Item 3PV": 48.98775094930837,
    "Bouclier Magique": 49.001396695766914,
    "Grimoire Inconnu": 49.06800699025898,
    "Torche Rouge": 49.12911211184482,
    "Main de Midas B": 49.14737954793956,
    "Calice du Roi Sorcier": 49.257616656688185,
    "Singe dor\u00e9": 49.46802307689293,
    "Plan presque parfait": 49.678297500020896,
    "Marteau flamboyant": 49.849191796028514,
    "Alliance Sanguine": 49.974352180045,
    "Coffre du Roi Sorcier": 50.11063181819618,
    "C\u0153ur de Golem": 50.15606433144494,
    "Faux De La Mort": 50.18822987508223,
    "Bo\u00eete \u00e0 butin": 50.313894097726404,
    "Caisse enchant\u00e9e": 50.324799153437425,
    "Bottes de Vitesse": 50.342774474305386,
    "Couteau Entre Les Dents": 50.492113874151066,
    "Queue Du Charognard": 50.518868985273414,
    "C\u0153ur de Dragon": 50.82979409922395,
    "Chameau": 50.860194863311975,
    "Coquille Salvatrice": 50.9744575584604,
    "Item 4PV": 51.05805845199191,
    "Maillet Du Roi Liche": 51.131756943792524,
    "Anneau volcanique": 51.328972736810904,
    "Epee mystique": 51.3819533552571,
    "Kebab revigorant": 51.38380650725464,
    "Chapelet de Vitalit\u00e9": 51.417090654117004,
    "Livre Sacr\u00e9": 51.69111740966261,
    "ItemUseless": 51.856739671821714,
    "Armure Ardente": 52.16400908543753,
    "Arc enflamm\u00e9": 52.29794936929892,
    "Pendentif du Novice": 52.331042866293565,
    "Lampe magique": 52.788343075578545,
    "Viande Crue": 52.864011721301935,
    "Cr\u00e2ne du Roi Liche": 53.0644893608179,
    "Armure Damn\u00e9e": 53.08709515069316,
    "Boulet de Canon": 53.08764367011452,
    "Item 5PV": 53.125835301029845,
    "Sceptre actif": 53.1320180563821,
    "Armure du Roi Liche": 53.18577901463394,
    "Main de Midas": 53.233637958548655,
    "Masque de l'Inquisiteur": 53.28864222343806,
    "Potion f\u00e9\u00e9rique": 53.42423076218047,
    "Masque de la Peste": 53.54089845650784,
    "Pistolet Pirate": 53.81858888482881,
    "Item 3PV 2": 54.331844723801986,
    "Ankh de r\u00e9incarnation": 54.3495719279918,
    "Marteau de combat": 54.633401547875124,
    "Dragoune": 54.78546200916985,
    "Treize \u00e0 Seize": 54.792789164365594,
    "Anneau Plussain": 54.913193093796636,
    "Item 6PV": 55.579523820026594,
    "Anneau de Vie": 55.599936563743185,
    "Scaphandre": 55.687463272820615,
    "Esprit du Donjon": 56.21921464110832,
    "Coiffe de sorcier": 56.409369628344,
    "Feuille Eternelle": 56.539409416245775,
    "Lame de l'Harmonie": 57.09621925259815,
    "Pare-Buffle du Ponceur": 57.24911484850708,
    "Katana en Mousse": 57.25129665724151,
    "Couteau Suisse": 57.36324906507075,
    "Bouclier cass\u00e9": 57.5942636126928,
    "Patte du RatLiche": 57.89172142675893,
    "Bouclier Golemique": 58.08744467912237,
    "Sabre m\u00e9canique": 59.07159416798868,
    "Marteau de Guerre": 59.619364519065854,
    "Graal en Mousse": 59.83994433315424,
    "Champ de force en mousse": 60.01489180170395,
    "Chapeau du novice": 60.183729025773054,
    "Couronne en Mousse": 60.427787223300164,
    "Marteau d'Eternit\u00e9": 60.519063739331926,
    "\u00c9p\u00e9e magique al\u00e9atoire": 60.62230848420711,
    "Talisman Incertain": 61.166798783358196,
    "Lame Draconique": 61.75037941208244,
    "Anneau Oceanique": 63.13654802804997,
    "Torche Bleue": 63.71406509890594,
    "PotionOuPoison": 64.5015882805684,
    "Pied de Biche": 65.9761298707256,
    "Randotion": 66.3804699779839,
    "Glaive d'argent": 70.49207491455819,
    "Anneau du Feu": 74.31380225394187,
    "Robe de mage": 81.00116333478539,
    "Anneau Magique": 81.17741212472842,
    "Gants de combat": 82.64487337327678,
    "Masque Dragon": 83.81853298233702,
    "Marmite G\u00e9latineuse": 84.7532806831536,
    "Fleau des liches": 84.93396611128482,
    "Anneau des surmulots": 92.30833575620308
}