{
    "Fer a Cheval": 0.0,
    "Couronne d'\u00e9pines": 0.0,
    "Platree de Berniques": 26.0451190493315,
    "Seringue du docteur fou": 26.535392713001187,
    "Masque \u00e0 gaz": 26.64552426846028,
    "D\u00e9licieuse pizza": 27.392963742932015,
    "Elixir de chance": 27.86045546674762,
    "Cape vaudou": 27.93098188700063,
    "Fruit du Destin": 28.159659468715176,
    "Tron\u00e7onneuse enflamm\u00e9e": 28.635524207068737,
    "Champignon V\u00e9n\u00e9neux": 29.20147035701992,
    "Potion de Glace": 30.7633851139485,
    "Fromage Puant": 31.533992860555088,
    "Potion d'adr\u00e9naline": 31.67193202778804,
    "Fouet du fourbe": 32.391807831606535,
    "Barde": 32.601078435763135,
    "G\u00e2teau spatial": 32.88743147055786,
    "Parchemin de Bahn": 33.521586961446026,
    "Potion de feu liquide": 33.723843451571994,
    "Armure d'honneur": 34.28170234004082,
    "Hache de Glace": 34.74529805987789,
    "Aspis d'H\u00e9racl\u00e8s": 35.597714132825296,
    "Cape de Plumes": 35.635195605865135,
    "Casque Plus": 36.3482030000428,
    "Valises de Cash": 37.3208121542917,
    "Boomerang Mystique": 37.329287883709995,
    "Kit vaudou": 37.96683894481719,
    "Bouillon d'\u00e2mes": 39.40583619073732,
    "Arbal\u00e8te trop grosse": 39.76201091043028,
    "Peigne en or": 39.86883843948789,
    "ItemUseless": 40.296645103614935,
    "Bouclier Dragon": 40.37001603547208,
    "Parchemin de pon\u00e7age": 40.44018530787691,
    "Bouclier de l'inventeur": 41.53064206301063,
    "Coquillage Magique": 41.59481039100598,
    "D\u00e9 du Tricheur": 41.64925644168075,
    "Fausse couronne": 41.756298044108846,
    "P\u00e2t\u00e9 d'Ange": 41.828527374546766,
    "Bouclier cam\u00e9l\u00e9on": 42.40602960956777,
    "Getas du novice": 42.74132365211453,
    "Enclume instable": 43.71978132052415,
    "Gros boulet": 44.92185025127337,
    "Pioche de diamant": 44.95830125132146,
    "Pierre d'\u00e2me": 44.97119476754311,
    "Bottes de Vitesse": 45.166725843754485,
    "Corne d'abordage": 45.304574464512754,
    "Potion draconique": 45.487479907925,
    "Coffre du Roi Sorcier": 45.543768941458026,
    "Osselets de R\u00e9surrection": 45.58273035783748,
    "Item 6PV": 45.7136909088358,
    "Gants de Ga\u00efa": 45.74481368532233,
    "Viande Crue": 45.91956424763141,
    "CasqueBerserk": 45.96008084303881,
    "Item 5PV": 46.17323284570995,
    "Maillet D'Argile": 46.52497604435788,
    "Boulet de Canon": 46.67397380214893,
    "Singe dor\u00e9": 46.9894284022357,
    "Bo\u00eete de Pandore": 47.048903884213104,
    "Tunique classe": 47.12644000169608,
    "Parchemin de T\u00e9l\u00e9portation": 47.408596554935855,
    "C\u0153ur de Golem": 47.50363275516038,
    "Patins \u00e0 Glace": 47.9857523543251,
    "Corbeille d'or": 48.039721710018924,
    "Masque de l'Inquisiteur": 48.04713516529935,
    "Canne \u00e0 Chep": 48.105897797939924,
    "Pierre du Naga": 48.353765343817784,
    "Coffre anim\u00e9": 48.37090753915264,
    "Plan presque parfait": 48.40239092969152,
    "Harpe": 48.536298693156084,
    "Caisse enchant\u00e9e": 49.641009969626325,
    "Item 3PV 2": 49.681270347617655,
    "Marteau flamboyant": 49.72493815883267,
    "Yo-yo protecteur": 50.02519273585523,
    "Epaulette du Bourrin": 50.04313046328818,
    "Araign\u00e9e domestique": 50.12893445762377,
    "Set de C\u0153urs": 50.28702965559284,
    "Perceuse a Breche": 50.42103762727689,
    "Katana": 50.76297979930892,
    "Couronne en Mousse": 50.82367466379148,
    "Kebab revigorant": 50.92442457173361,
    "Calice du Roi Sorcier": 51.058962930782904,
    "Chameau": 51.09308271159911,
    "Item 4PV": 51.18044064102707,
    "Cocktail Molotov": 51.425049531770966,
    "Coquille Salvatrice": 51.91505641685677,
    "Grelot du Bouffon": 51.974152029262854,
    "Esprit du Donjon": 52.00308233466301,
    "Treize \u00e0 Seize": 52.15144858397284,
    "D\u00e9 Maudit": 52.48516817381396,
    "Epee mystique": 52.8019510701229,
    "Queue Du Charognard": 52.867407739279955,
    "Pelle du Fossoyeur": 52.990151636247305,
    "Arc enflamm\u00e9": 53.55819030072908,
    "Item 3PV": 54.1622095777252,
    "Lunettes du Bricoleur": 54.26291288212709,
    "Feuille Eternelle": 54.28551262611854,
    "Codex Diabolus": 54.386460046085865,
    "Anneau de Vie": 54.76670154999621,
    "C\u0153ur de Dragon": 54.77011049435741,
    "Main de Midas": 54.80508362340545,
    "Attrape-R\u00eaves": 55.15605426932697,
    "Torche En Mousse": 55.22287571697308,
    "Chapeau styl\u00e9": 55.26044498591465,
    "Faux De La Mort": 55.52954306544109,
    "Coiffe de sorcier": 56.01130192237333,
    "Potion f\u00e9\u00e9rique": 56.155859879348824,
    "Scaphandre": 56.95589665478805,
    "Talisman Incertain": 57.01217466755578,
    "Pistolet Pirate": 57.056756619586636,
    "Bo\u00eete \u00e0 butin": 57.46151144374277,
    "Masque de la Peste": 57.832857332393004,
    "Lame de l'Harmonie": 57.90502485513605,
    "Armure Damn\u00e9e": 58.13563444685147,
    "Graal en Mousse": 58.17874309810151,
    "Ankh de r\u00e9incarnation": 58.5299390115559,
    "Sceptre actif": 58.72702623878916,
    "Bouclier cass\u00e9": 58.75677971673715,
    "Grimoire Inconnu": 58.76727245109741,
    "LanceDuDestin": 58.89458530910575,
    "Anneau Plussain": 58.96829203493685,
    "Marteau d'Eternit\u00e9": 59.22654167223525,
    "Concentr\u00e9 de fun": 59.339072595733555,
    "Champ de force en mousse": 59.3845651829357,
    "Potion de Mana": 59.47828589758625,
    "Armure Ardente": 59.511304871707914,
    "Cr\u00e2ne du Roi Liche": 59.682830261854676,
    "Couteau Entre Les Dents": 59.70888853045454,
    "Exterminator": 60.036365537773214,
    "Livre Sacr\u00e9": 60.162293244557866,
    "Bouclier Golemique": 60.19761319838651,
    "Marteau de combat": 61.09766114377382,
    "Chapelet de Vitalit\u00e9": 61.273403891007405,
    "Katana en Mousse": 61.65546858679909,
    "Torche Bleue": 61.698221264082356,
    "Armure du Roi Liche": 61.82924242832941,
    "Main de Midas B": 62.224199286983534,
    "Pain maudit": 62.329499895744874,
    "Anneau des Squelettes": 62.723041583306824,
    "Maillet Du Roi Liche": 63.371444374930306,
    "Bouclier Magique": 63.447267885453314,
    "Torche Rouge": 63.66879133188358,
    "Sabre m\u00e9canique": 64.29772463401653,
    "Patte du RatLiche": 64.72611646715342,
    "Chapeau du novice": 65.36274816377681,
    "Lampe magique": 65.97704556021887,
    "Randotion": 66.98931701704798,
    "Pendentif du Novice": 67.15927648816725,
    "Anneau volcanique": 67.86639238114788,
    "Anneau Oceanique": 67.92254347011567,
    "Couteau Suisse": 67.92564754984441,
    "Tentacule du Kraken": 68.02802250798051,
    "PotionOuPoison": 68.69120996257328,
    "Marteau de Guerre": 69.30277094623142,
    "Lame Draconique": 69.42995826328763,
    "Griffes de l'Arracheur": 70.60025902905787,
    "\u00c9p\u00e9e magique al\u00e9atoire": 70.92448308282684,
    "Pied de Biche": 71.5925413423273,
    "Alliance Sanguine": 72.97062425504632,
    "Pare-Buffle du Ponceur": 73.06475645357736,
    "Dragoune": 73.34906629590574,
    "Anneau du Feu": 76.67466383880952,
    "Glaive d'argent": 85.68208966116816,
    "Robe de mage": 85.93750618273071,
    "Fleau des liches": 87.1912917049269,
    "Anneau Magique": 91.6674745333914,
    "Gants de combat": 92.38507203572962,
    "Masque Dragon": 94.94083951077499,
    "Marmite G\u00e9latineuse": 99.85097862874443,
    "Anneau des surmulots": 100.0
}