{
    "Couronne d'\u00e9pines": 0.0,
    "Fer a Cheval": 0.0,
    "Masque \u00e0 gaz": 27.349334168342722,
    "Tron\u00e7onneuse enflamm\u00e9e": 28.415982361623428,
    "Potion de Glace": 29.248692472231482,
    "Seringue du docteur fou": 29.32583859820622,
    "Platree de Berniques": 30.17062624877359,
    "Champignon V\u00e9n\u00e9neux": 30.27757029887991,
    "D\u00e9licieuse pizza": 31.229135085119502,
    "Cape vaudou": 31.510990657386664,
    "Parchemin de Bahn": 32.079385880307015,
    "Fouet du fourbe": 32.58859040031872,
    "Fromage Puant": 33.12678956648489,
    "Elixir de chance": 33.33065389922952,
    "Barde": 34.53460165857806,
    "Potion de feu liquide": 35.29405545456047,
    "Potion d'adr\u00e9naline": 35.75321739522711,
    "Bouclier Dragon": 36.23568748987435,
    "Hache de Glace": 36.457070462595425,
    "G\u00e2teau spatial": 36.50658896680716,
    "Armure d'honneur": 36.53158953988704,
    "Kit vaudou": 37.68583696949088,
    "Boomerang Mystique": 37.90385258445153,
    "Bouclier de l'inventeur": 38.19755068653198,
    "Cape de Plumes": 39.858231203877295,
    "Casque Plus": 39.86697083661094,
    "Coquillage Magique": 40.43581929264332,
    "Bo\u00eete de Pandore": 40.7147728647668,
    "Peigne en or": 41.20030400706045,
    "Bouclier cam\u00e9l\u00e9on": 42.02425097120346,
    "Valises de Cash": 42.17624505923117,
    "Corne d'abordage": 42.423929517202666,
    "Arbal\u00e8te trop grosse": 42.84121713503836,
    "Coffre anim\u00e9": 43.098704698648966,
    "Maillet D'Argile": 43.78148894634579,
    "Patins \u00e0 Glace": 43.91971283479127,
    "Gros boulet": 44.00293112039619,
    "Chameau": 44.89238784852723,
    "Pioche de diamant": 45.31978724206956,
    "P\u00e2t\u00e9 d'Ange": 45.4091234312512,
    "D\u00e9 du Tricheur": 45.52528520452086,
    "Fausse couronne": 45.753265941398894,
    "Plan presque parfait": 45.840656621181864,
    "Bottes de Vitesse": 45.972936634280515,
    "Parchemin de T\u00e9l\u00e9portation": 46.012314485960694,
    "Fruit du Destin": 27.17215763956356,
    "Enclume instable": 46.2200553355518,
    "Gants de Ga\u00efa": 46.82278802120611,
    "Coursier Volant": 47.12607335458246,
    "C\u0153ur de Dragon": 47.20507213710264,
    "Item 3PV 2": 47.28203144072196,
    "Epaulette du Bourrin": 47.4641361780035,
    "Harpe": 47.63080241213079,
    "Getas du novice": 47.6324171504573,
    "CasqueBerserk": 47.75943283319001,
    "Canne \u00e0 Chep": 48.100262440606514,
    "ItemUseless": 48.1494386936117,
    "Set de C\u0153urs": 48.3068075102329,
    "Singe dor\u00e9": 48.40083556521017,
    "Item 3PV": 48.441940013914255,
    "Tunique classe": 48.44799259721641,
    "Item 5PV": 48.49916975009181,
    "Potion draconique": 48.751903099754365,
    "Pierre d'\u00e2me": 49.076795758937564,
    "Potion de Mana": 49.1826654095864,
    "C\u0153ur de Golem": 49.18899557415377,
    "Caisse enchant\u00e9e": 49.34531552572457,
    "Perceuse a Breche": 49.65234019279586,
    "Pierre du Naga": 49.920545109174654,
    "Coffre du Roi Sorcier": 49.94989044248051,
    "Item 6PV": 50.03649146382953,
    "Chapeau styl\u00e9": 50.06444563371676,
    "Corbeille d'or": 50.22622848609375,
    "Anneau des Squelettes": 50.44689014226738,
    "Viande Crue": 50.54935235377385,
    "Lunettes du Bricoleur": 50.76462208358261,
    "Coquille Salvatrice": 50.86433380266347,
    "Marteau flamboyant": 51.00505616765374,
    "Pistolet Pirate": 51.14401366560694,
    "Katana": 51.260915244093184,
    "Armure Damn\u00e9e": 51.349964711608266,
    "Arc enflamm\u00e9": 51.35496709462189,
    "D\u00e9 Maudit": 51.50187485391995,
    "Masque de l'Inquisiteur": 51.73858499101958,
    "Bouclier Magique": 51.77815734267794,
    "Queue Du Charognard": 51.83166347817861,
    "Grimoire Inconnu": 51.85673874231861,
    "Chapelet de Vitalit\u00e9": 51.951183653552285,
    "Feuille Eternelle": 52.14578047021453,
    "Item 4PV": 52.25287110097584,
    "Boulet de Canon": 52.269013535933546,
    "Calice du Roi Sorcier": 52.33471945292528,
    "Bouclier cass\u00e9": 52.55959511509354,
    "Bo\u00eete \u00e0 butin": 52.725833133901205,
    "Kebab revigorant": 52.9092614177407,
    "Epee mystique": 53.344222116207916,
    "Faux De La Mort": 53.366187671877825,
    "Esprit du Donjon": 53.55259086272741,
    "Pain maudit": 53.683773457304625,
    "Marteau de combat": 53.76534692583005,
    "Masque de la Peste": 53.90746026955568,
    "Cr\u00e2ne du Roi Liche": 54.01177252334698,
    "Couteau Entre Les Dents": 54.19997054975054,
    "Lame de l'Harmonie": 54.23969361209195,
    "Osselets de R\u00e9surrection": 54.264141590065556,
    "Couronne en Mousse": 54.54569908581187,
    "Attrape-R\u00eaves": 54.90766483494299,
    "Yo-yo protecteur": 54.97798306192578,
    "Livre Sacr\u00e9": 55.14019957728618,
    "Bouclier Golemique": 55.206735015300765,
    "Sceptre actif": 55.41159281790913,
    "Pelle du Fossoyeur": 55.764785730550756,
    "Armure du Roi Liche": 56.12501026752358,
    "Potion f\u00e9\u00e9rique": 56.22883705593344,
    "Treize \u00e0 Seize": 56.394502408990455,
    "Main de Midas": 56.54601843591088,
    "Anneau Plussain": 56.63254773306269,
    "Armure Ardente": 56.893684091703946,
    "Torche Rouge": 57.052298841040475,
    "Main de Midas B": 57.225306127173866,
    "Pendentif du Novice": 57.35411157502336,
    "Tentacule du Kraken": 57.72272057556829,
    "Griffes de l'Arracheur": 57.866383899169854,
    "Lampe magique": 58.68678005400028,
    "Patte du RatLiche": 59.29903056499117,
    "Scaphandre": 59.508303654611,
    "Anneau de Vie": 59.64660923620556,
    "Marteau de Guerre": 59.73799014106831,
    "Ankh de r\u00e9incarnation": 59.816405342938516,
    "Talisman Incertain": 59.898666034666945,
    "Graal en Mousse": 60.21614616968222,
    "Maillet Du Roi Liche": 60.28359864406764,
    "Alliance Sanguine": 60.79782766765671,
    "Torche Bleue": 61.15807079706855,
    "Coiffe de sorcier": 61.68461090952754,
    "Anneau volcanique": 61.75859365685995,
    "Sabre m\u00e9canique": 61.92792285730672,
    "Dragoune": 62.41180623395798,
    "Champ de force en mousse": 62.669001555435116,
    "Chapeau du novice": 63.27409003952748,
    "Anneau Oceanique": 63.34687664971,
    "Randotion": 64.21771510221382,
    "Katana en Mousse": 65.70684354671934,
    "Couteau Suisse": 65.9501368806709,
    "\u00c9p\u00e9e magique al\u00e9atoire": 66.24650299868952,
    "Marteau d'Eternit\u00e9": 66.51779030104086,
    "PotionOuPoison": 66.74741401032955,
    "Pare-Buffle du Ponceur": 67.40079336593178,
    "Lame Draconique": 68.62068957833472,
    "Anneau du Feu": 69.55247527594355,
    "Pied de Biche": 73.4470235940826,
    "Glaive d'argent": 76.5025751343622,
    "Robe de mage": 82.80221474448332,
    "Fleau des liches": 84.81231036616647,
    "Gants de combat": 85.94277801357606,
    "Masque Dragon": 86.67893190180806,
    "Anneau Magique": 92.03678042244559,
    "Marmite G\u00e9latineuse": 96.49109203728534,
    "Anneau des surmulots": 109.46713006396979
}