{
    "Couronne d'\u00e9pines": 0.0,
    "Fer a Cheval": 0.011690486155945479,
    "Masque \u00e0 gaz": 26.833339604575805,
    "Fruit du Destin": 27.354220762873364,
    "Seringue du docteur fou": 28.758798572864606,
    "Tron\u00e7onneuse enflamm\u00e9e": 28.922814313626702,
    "Platree de Berniques": 29.58509835894377,
    "Potion de Glace": 29.704007468319197,
    "Champignon V\u00e9n\u00e9neux": 29.85739106419635,
    "D\u00e9licieuse pizza": 31.017153530654856,
    "Cape vaudou": 31.018635646271992,
    "Parchemin de Bahn": 31.78936604708341,
    "Fouet du fourbe": 31.913552881220905,
    "Elixir de chance": 32.762444939439725,
    "Fromage Puant": 33.24081205802287,
    "Barde": 33.393997773978334,
    "Potion de feu liquide": 35.391656397080574,
    "Bouclier Dragon": 35.895332758989134,
    "Potion d'adr\u00e9naline": 36.361848257264725,
    "G\u00e2teau spatial": 36.402204223936025,
    "Armure d'honneur": 37.02280386501386,
    "Hache de Glace": 37.039233016333796,
    "Boomerang Mystique": 37.55574599515636,
    "Kit vaudou": 37.81485654087021,
    "Casque Plus": 39.06782650084237,
    "Coquillage Magique": 39.3162169565956,
    "Bouclier de l'inventeur": 39.513447785276,
    "Cape de Plumes": 39.588100936959165,
    "Bo\u00eete de Pandore": 40.35128620853692,
    "Peigne en or": 40.46117706840995,
    "Valises de Cash": 41.2570076224528,
    "Corne d'abordage": 41.90700961816576,
    "Coffre anim\u00e9": 41.996163703835734,
    "Bouclier cam\u00e9l\u00e9on": 42.72058105032933,
    "Maillet D'Argile": 42.75323564291343,
    "Arbal\u00e8te trop grosse": 43.100356210130556,
    "Gros boulet": 43.78233767445181,
    "Chameau": 44.46196286027087,
    "P\u00e2t\u00e9 d'Ange": 44.76281641713513,
    "Fausse couronne": 44.87258362390553,
    "Patins \u00e0 Glace": 45.01179137996928,
    "Pioche de diamant": 45.512271466773875,
    "Bottes de Vitesse": 45.65066567038628,
    "Gants de Ga\u00efa": 45.78204677179389,
    "Enclume instable": 45.99953764699018,
    "Plan presque parfait": 46.30649481314093,
    "D\u00e9 du Tricheur": 46.45709135247695,
    "Parchemin de T\u00e9l\u00e9portation": 46.718511639917345,
    "CasqueBerserk": 46.81733643673392,
    "Harpe": 47.20091191657686,
    "ItemUseless": 47.3464784147272,
    "Getas du novice": 47.787093395430375,
    "Epaulette du Bourrin": 47.82388582277889,
    "Potion draconique": 47.87744266106394,
    "Singe dor\u00e9": 48.14938164403414,
    "C\u0153ur de Dragon": 48.22100614801634,
    "Coffre du Roi Sorcier": 48.35903837101651,
    "Item 5PV": 48.4025177916215,
    "Canne \u00e0 Chep": 48.40701473838378,
    "Item 3PV 2": 48.44979790957205,
    "Pierre d'\u00e2me": 48.5425846297646,
    "Corbeille d'or": 48.937675059561926,
    "Set de C\u0153urs": 48.97328998527054,
    "Grelot du Bouffon": 49.064164448924366,
    "Item 6PV": 49.11941627530912,
    "Caisse enchant\u00e9e": 49.12811032915188,
    "Lunettes du Bricoleur": 49.37544145779834,
    "C\u0153ur de Golem": 49.41059331669108,
    "Item 3PV": 49.419191272800795,
    "Parchemin de pon\u00e7age": 49.55584893422226,
    "Potion de Mana": 49.61545665480975,
    "Araign\u00e9e domestique": 49.61688198859337,
    "Pierre du Naga": 49.73311116899572,
    "Tunique classe": 49.92811019715742,
    "Codex Diabolus": 49.94208337273926,
    "Torche En Mousse": 49.96577351708528,
    "Cocktail Molotov": 50.008629187659025,
    "Viande Crue": 50.04236811997408,
    "LanceDuDestin": 50.07052322500606,
    "Exterminator": 50.282434137398106,
    "Coquille Salvatrice": 50.44444642371759,
    "Katana": 50.49313431613718,
    "Arc enflamm\u00e9": 50.70785678303844,
    "Pistolet Pirate": 50.805392536114496,
    "Chapeau styl\u00e9": 50.98328209611502,
    "Kebab revigorant": 51.12452847675797,
    "Perceuse a Breche": 51.282137608014864,
    "Anneau des Squelettes": 51.282779512066625,
    "Boulet de Canon": 51.330166748049024,
    "Masque de l'Inquisiteur": 51.399394248463324,
    "Feuille Eternelle": 51.571603628502004,
    "Marteau flamboyant": 51.67441387086741,
    "Armure Damn\u00e9e": 51.727704025422966,
    "Bo\u00eete \u00e0 butin": 51.82656469488886,
    "D\u00e9 Maudit": 51.862826242758,
    "Bouclier Magique": 51.901896905888606,
    "Chapelet de Vitalit\u00e9": 51.966074955349434,
    "Grimoire Inconnu": 52.122034288799426,
    "Item 4PV": 52.18241824398246,
    "Calice du Roi Sorcier": 52.43002445706209,
    "Bouclier cass\u00e9": 52.56285042655149,
    "Queue Du Charognard": 52.82407385319897,
    "Esprit du Donjon": 52.9088898860063,
    "Lame de l'Harmonie": 52.922353628985476,
    "Marteau de combat": 52.952053685180275,
    "Epee mystique": 53.55000577139405,
    "Yo-yo protecteur": 53.72645996213252,
    "Cr\u00e2ne du Roi Liche": 53.97452526066975,
    "Livre Sacr\u00e9": 54.03046574580732,
    "Osselets de R\u00e9surrection": 54.06898709648044,
    "Pain maudit": 54.28213278766627,
    "Couteau Entre Les Dents": 54.38042498469798,
    "Masque de la Peste": 54.59412026001816,
    "Faux De La Mort": 54.87640427301078,
    "Bouclier Golemique": 55.136670171530454,
    "Couronne en Mousse": 55.26081504838315,
    "Attrape-R\u00eaves": 55.328307822731716,
    "Armure Ardente": 55.40270470701556,
    "Pelle du Fossoyeur": 55.48991973722988,
    "Pendentif du Novice": 55.70464233846137,
    "Armure du Roi Liche": 55.79960170831151,
    "Potion f\u00e9\u00e9rique": 55.96589612098545,
    "Treize \u00e0 Seize": 56.04799456572748,
    "Main de Midas": 56.43363727117524,
    "Sceptre actif": 56.54369344764163,
    "Torche Rouge": 57.49100050024941,
    "Tentacule du Kraken": 57.56242199368707,
    "Main de Midas B": 57.71464287308655,
    "Scaphandre": 57.92553403367876,
    "Anneau de Vie": 58.4556041399545,
    "Lampe magique": 58.64525653892417,
    "Anneau Plussain": 58.820948835374196,
    "Patte du RatLiche": 59.07933562729302,
    "Griffes de l'Arracheur": 59.35056058104992,
    "Ankh de r\u00e9incarnation": 59.41825420544845,
    "Talisman Incertain": 59.461207326723,
    "Champ de force en mousse": 60.427733548963516,
    "Anneau volcanique": 60.93458229565064,
    "Maillet Du Roi Liche": 60.9833132143704,
    "Sabre m\u00e9canique": 61.04962929452955,
    "Alliance Sanguine": 61.206205905282886,
    "Marteau de Guerre": 61.44652799524684,
    "Coiffe de sorcier": 61.82135769710213,
    "Graal en Mousse": 62.09123293077538,
    "Torche Bleue": 62.196857517455946,
    "Dragoune": 62.21765529447936,
    "Chapeau du novice": 62.55695812854765,
    "Randotion": 63.47679751994286,
    "Anneau Oceanique": 63.81523422439402,
    "Marteau d'Eternit\u00e9": 65.7391687022537,
    "Katana en Mousse": 65.94945558785261,
    "Pare-Buffle du Ponceur": 66.14350310428588,
    "\u00c9p\u00e9e magique al\u00e9atoire": 66.46474566085962,
    "PotionOuPoison": 67.28617917511136,
    "Couteau Suisse": 68.17910869667949,
    "Anneau du Feu": 68.77134806181058,
    "Lame Draconique": 69.40261084245631,
    "Pied de Biche": 73.88798017884078,
    "Glaive d'argent": 78.99826452428557,
    "Gants de combat": 83.32301366234442,
    "Fleau des liches": 83.84766563476889,
    "Robe de mage": 84.06081920232049,
    "Masque Dragon": 85.39470675833965,
    "Anneau Magique": 92.45537058130998,
    "Marmite G\u00e9latineuse": 97.4314325445102,
    "Anneau des surmulots": 100.0
}