{
    "Couronne d'\u00e9pines": 0.0,
    "Masque \u00e0 gaz": 37.405195203990715,
    "Tron\u00e7onneuse enflamm\u00e9e": 37.64150408661088,
    "Parchemin de Bahn": 40.855595739104984,
    "Barde": 41.237032128287005,
    "Potion de Glace": 41.95842185758747,
    "Bouclier Dragon": 42.46031961137699,
    "Hache d'Ex\u00e9cution": 42.74562420028414,
    "Champignon V\u00e9n\u00e9neux": 42.83248534845505,
    "Armure d'honneur": 44.285773722662505,
    "Fouet du fourbe": 44.29670793420106,
    "Main de Midas": 44.43279954956971,
    "Bouclier cam\u00e9l\u00e9on": 44.549800384012556,
    "Potion de Mana": 45.403702926042655,
    "G\u00e2teau spatial": 45.75614099174187,
    "Katana": 46.06282320641261,
    "Pioche de diamant": 46.24222491154362,
    "Yo-yo protecteur": 46.86449157545115,
    "Item 3PV 2": 47.41297247490556,
    "Gros boulet": 47.85206690848551,
    "Epaulette du Bourrin": 48.270390644858445,
    "Boulet de Canon": 48.32836393309175,
    "C\u0153ur de Golem": 48.348065067456716,
    "Armure Damn\u00e9e": 48.619423092024626,
    "Seringue du docteur fou": 48.62802058309152,
    "Potion draconique": 48.699036876397756,
    "Coquillage Magique": 48.80339909429789,
    "Coffre anim\u00e9": 48.86518180026167,
    "Tunique classe": 48.93151477002992,
    "Calice du Roi Sorcier": 48.975044859586134,
    "Singe dor\u00e9": 48.989400639683396,
    "Gants de Ga\u00efa": 49.126981315234794,
    "Armure Ardente": 49.19561405016252,
    "Patins \u00e0 Glace": 49.20365021563396,
    "Grimoire Inconnu": 49.21489236617687,
    "Pierre d'\u00e2me": 49.284109078883965,
    "Caisse enchant\u00e9e": 49.288928656697756,
    "ItemUseless": 49.441104338756034,
    "Anneau de Vie": 49.4525870053895,
    "Parchemin de T\u00e9l\u00e9portation": 49.57595156822164,
    "Item 6PV": 49.60534772755819,
    "Item 5PV": 49.63957741358427,
    "Perceuse a Breche": 49.6611257918919,
    "Bo\u00eete de Pandore": 49.67633398548578,
    "Corne d'abordage": 49.70439186272429,
    "Potion f\u00e9\u00e9rique": 49.74342619552076,
    "Pistolet Pirate": 49.940011283041635,
    "Getas du novice": 49.96173747199938,
    "Arc enflamm\u00e9": 49.98659909922176,
    "Bottes de Vitesse": 50.05896046774278,
    "Item 4PV": 50.13605926100846,
    "Pendentif du Novice": 50.17480643237293,
    "Cr\u00e2ne du Roi Liche": 50.20926007268149,
    "Livre Sacr\u00e9": 50.46084963150871,
    "Patte du RatLiche": 50.462615424248554,
    "Coquille Salvatrice": 50.46441552241877,
    "Valises de Cash": 50.48254175361013,
    "Chapelet de Vitalit\u00e9": 50.56870879522971,
    "Bouclier Golemique": 50.597706914120906,
    "Bouclier cass\u00e9": 50.675512751369695,
    "Kebab revigorant": 50.70301561079707,
    "Masque de la Peste": 50.724352001543586,
    "Plan presque parfait": 50.80951412115395,
    "Enclume instable": 50.84742159049413,
    "Anneau Plussain": 51.02941559219954,
    "Item 3PV": 51.09668965066304,
    "Couteau Suisse": 51.2078526475506,
    "Feuille Eternelle": 51.70892813642971,
    "Lame Draconique": 51.84375110393356,
    "Lame de l'Harmonie": 51.85350032467396,
    "Torche Rose": 52.70000516729097,
    "Torche Bleue": 52.74607905108876,
    "Randotion": 52.96256536938219,
    "Marteau d'Eternit\u00e9": 53.36815061887454,
    "Pied de Biche": 53.43041059649719,
    "Talisman Incertain": 53.44128241869569,
    "Champ de force en mousse": 53.70141682694565,
    "PotionOuPoison": 53.89032928137509,
    "Marteau de Guerre": 54.5057329081776,
    "Graal en Mousse": 55.087227520145966,
    "Glaive d'argent": 55.80150179079638,
    "Anneau du Feu": 56.674873690907965,
    "Chapeau du novice": 56.76522229860256,
    "Anneau Magique": 57.98091348738406,
    "Gants de combat": 60.34155326982389,
    "Masque Dragon": 60.906615735903024,
    "Robe de mage": 63.41078586722094,
    "Fleau des liches": 63.72433096774172,
    "Anneau des surmulots": 65.45331949176284,
    "Marmite G\u00e9latineuse": 67.15148421338904
}