{
    "CasqueBerserk": -2.783746121482918,
    "Scaphandre": -0.8739504691721582,
    "Fer a Cheval": 0.0,
    "Couronne d'\u00e9pines": 0.0,
    "Binocles de l'inventeur": 15.252915164345023,
    "Oiseau de Mauvais Augure": 16.5750950728469,
    "Porte-Boules du Ponceur": 17.380146093792607,
    "Masque \u00e0 gaz": 18.429308350411084,
    "Journal du futur": 18.536940429918545,
    "Urne Ensorcel\u00e9e": 19.282422733201575,
    "Tapis volant": 20.438458705920205,
    "\u0152il d'Horus": 21.3796990042895,
    "Couteau qui Tombe": 21.57873756881625,
    "Armure vivante": 21.809842301390674,
    "Sac de Constantinople": 22.0360331271928,
    "Perle rare": 22.1764340143706,
    "Main invisible": 22.293405269993844,
    "Fruit du Destin": 23.180273890319,
    "Coursier volant": 23.661217210083937,
    "Grelot du Bouffon": 23.784773452260602,
    "Eventail Maudit": 23.912847350971585,
    "Bombe pirate": 24.782725527112397,
    "Totem d'immunit\u00e9": 24.91999674813758,
    "Fouet du fourbe": 25.679016288304027,
    "La Cloche du D\u00e9j\u00e0-Vu": 25.751808141305823,
    "Potion au Th\u00e9 Vert": 26.07791613769574,
    "Pierre du Naga": 26.50226687620846,
    "Barde": 26.689512038893135,
    "Tronconneuse Enflammee": 26.748399801632488,
    "Elixir de chance": 26.775415924811558,
    "Scotch du Silencieux": 26.806322041397927,
    "Couteaux de lancer": 27.06160172174159,
    "Potion d'escampette": 27.313868533757763,
    "Araign\u00e9e domestique": 28.55245564474751,
    "Coffre anim\u00e9": 29.063180557866335,
    "Carapace Bleue": 29.38589009300856,
    "Grenade Singe": 29.68031041096547,
    "Bo\u00eete de Pandore": 29.868795208169388,
    "Aspis d'H\u00e9racl\u00e8s": 29.88326712965187,
    "Cl\u00e9 Amulette": 30.098934326476503,
    "Perceuse a Breche": 30.14053031010386,
    "Griffes \u00e9clair": 30.232335055831456,
    "Fil du destin": 30.334323419626507,
    "Taser manuel": 30.899446274412163,
    "Bouillon d'\u00e2mes": 31.08737195457452,
    "Potage Improvis\u00e9": 31.871033359027198,
    "Si\u00e8ge de Troie": 32.336856933247695,
    "Shot d'adr\u00e9naline": 32.43367272613679,
    "Peigne en or": 33.05615834179771,
    "Banane exp\u00e9rimentale": 33.13469878795593,
    "Enclume instable": 33.931152877522145,
    "Champignon V\u00e9n\u00e9neux": 34.02304016154258,
    "Getas du novice": 34.225623117391414,
    "Fromage Puant": 34.56340452919413,
    "Anneau du Vent": 34.63564388710925,
    "Disque de Vishnu": 34.70786598597981,
    "G\u00e2teau spatial": 34.94743342168387,
    "Platree de Berniques": 34.98200131230776,
    "Hache de Glace": 35.13012116964763,
    "Viande Crue": 35.28218022650269,
    "Coquillage Magique": 35.31095080497019,
    "Calice du Roi Sorcier": 35.535862882350344,
    "D\u00e9licieuse pizza": 35.60338987082859,
    "Trousse de secours": 35.64646899327661,
    "Coeur de Tarasque": 35.670199466438206,
    "Seringue du docteur fou": 35.7039132300215,
    "P\u00e2t\u00e9 d'Ange": 35.76481391514588,
    "Compas du Capitaine": 35.996726665638434,
    "Rose d'or": 36.58443124179246,
    "Parchemin de Bahn": 36.58650813157978,
    "Chameau": 36.84943587714548,
    "Osselets de R\u00e9surrection": 37.0422521440424,
    "Potion de feu liquide": 37.32389583265264,
    "Cr\u00e2ne du N\u00e9cromancien": 37.78013116276821,
    "Cape de Plumes": 37.827420177288914,
    "Bouclier Dragon": 38.357558008006635,
    "Calumet de la Paix": 38.532340944634626,
    "Potion de Glace": 38.60210810166083,
    "Bottes de Vitesse": 38.763585449697885,
    "Boomerang Mystique": 38.84068631797802,
    "Anneau de Vie": 38.857143636217806,
    "C\u0153ur de Golem": 38.85777241373587,
    "Anneau Plussain": 39.08567666283333,
    "Cape d'invisibilit\u00e9": 39.26112817259522,
    "Maillet D'Argile": 39.57602785770429,
    "Parfum r\u00e9g\u00e9n\u00e9rant": 39.65486234103749,
    "Roulette infernale": 39.86178934234321,
    "Bouclier de l'inventeur": 39.89023746763292,
    "Kit de Soin": 40.050361904240845,
    "Esprit du Donjon": 40.07767067022682,
    "Miroir de Yata": 40.35321434061888,
    "Plan presque parfait": 40.767484328335144,
    "Cape du novice": 40.888923740077665,
    "Casque \u00e0 cornes": 41.396979095709135,
    "Armure d'honneur": 41.759551104921314,
    "Cape vaudou": 41.782385386271955,
    "Ceinture du novice": 42.75049715348662,
    "Dague de Brutus": 43.02201294935823,
    "Voile d'Isis": 43.09770670207988,
    "Boulet de Canon": 43.24648580772878,
    "C\u0153ur de Dragon": 43.255602298165044,
    "Arbal\u00e8te trop grosse": 43.59200902365862,
    "Coffre du Roi Sorcier": 43.6376464255397,
    "Kit vaudou": 43.953323017288255,
    "Lunettes du Bricoleur": 44.11983261930436,
    "D\u00e9 du Tricheur": 44.899963578022806,
    "Pioche de diamant": 45.54472643585559,
    "Sceptre du Maharal": 45.978480691297065,
    "Tunique classe": 46.38607179390333,
    "Donjondex": 46.56100929896452,
    "Potion draconique": 46.70043840021743,
    "Set de C\u0153urs": 46.78386709582188,
    "Cocktail Molotov": 47.4423981572275,
    "Surin crasseux": 47.615755444829844,
    "Treize \u00e0 Seize": 47.678988164374054,
    "Tambour de Kui": 48.05206016397838,
    "Imprimante": 48.42251406589823,
    "Pistolet Laser": 48.44851207200615,
    "Bombe de Midas": 48.904042880727616,
    "Pomme d'Adam": 48.925659849822495,
    "Canne \u00e0 Chep": 48.980473560326104,
    "Masque de Fer": 49.24349123251382,
    "Masque maudit": 49.39031065317027,
    "Bouclier cam\u00e9l\u00e9on": 49.65914892043773,
    "Corbeille d'or": 50.06316516880903,
    "Parchemin de poncage": 50.082396727007115,
    "Ceinture du Ponceur": 50.19548221058474,
    "Cotte de mailles": 50.43246910376408,
    "Patins \u00e0 Glace": 50.485968361471436,
    "Grimoire Inconnu": 50.62174195357195,
    "Fausse couronne": 50.88753003075089,
    "Chevali\u00e8re Pirate": 51.38564130278991,
    "Torche En Mousse": 51.65817377381484,
    "Couronne en Mousse": 51.677437988444275,
    "Marteau flamboyant": 52.181641568488814,
    "Ep\u00e9e de Damocles": 52.200877313929354,
    "Poign\u00e9e de main": 52.31189148696196,
    "Parachute dor\u00e9": 52.57505372811367,
    "Botte de Pandore": 52.632372867813025,
    "Toupie du Chaos": 52.67628071224301,
    "Pelle du Fossoyeur": 52.68014255990036,
    "Valises de Cash": 52.77819312503193,
    "Cr\u00e2ne du Roi Liche": 53.10283962726956,
    "Sceptre actif": 53.24490650186335,
    "Randotion": 53.74729607944833,
    "Yo-yo protecteur": 53.83830817622744,
    "Cinq pierres de N\u00fcwa": 53.98482453534429,
    "Couteau Entre Les Dents": 54.028021377991045,
    "Barbecue du Ponceur": 54.06972488732253,
    "Torche Bleue": 54.11052340530881,
    "Bourse garnie": 54.841489136926,
    "Forge Portative": 55.29733970061253,
    "Potion feerique": 55.35654545216695,
    "Pierre d'\u00e2me": 55.67237794341756,
    "Maillet Du Roi Liche": 56.22577416348974,
    "Armure de mage": 56.59008533865392,
    "Katana": 56.78608468367223,
    "Caisse enchant\u00e9e": 57.33990005234697,
    "Pierre de Pressentiment": 57.387538609757165,
    "Singe dor\u00e9": 57.4197891139375,
    "Feuille Eternelle": 57.7497632419161,
    "Epee mystique": 57.762081908741564,
    "Masque de l'Inquisiteur": 58.266500201340484,
    "Armure Damn\u00e9e": 58.606328266650365,
    "Paquet surprise": 58.700662207523706,
    "Queue Du Charognard": 58.897542610547774,
    "Bottes de Pon\u00e7age": 59.47372426454364,
    "Bo\u00eete \u00e0 butin": 59.49692113005302,
    "Bagouze du parrain": 59.628972650663734,
    "Bouclier Magique": 60.02124737503358,
    "Kebab revigorant": 60.34140414663586,
    "Pain maudit": 60.42646463711618,
    "Tatouage maudit": 60.627012734088616,
    "Armure en cuir": 61.3162584410409,
    "Graal en Mousse": 61.40555944188736,
    "Gros boulet": 61.4229252975028,
    "Hache Mystique": 61.49748726972491,
    "Arc du N\u00e9ant": 61.580991123125074,
    "Gants de Ga\u00efa": 61.613405118704804,
    "Marteau de combat": 63.033768608561815,