{
    "CasqueBerserk": -2.7262623983357317,
    "Scaphandre": -0.8391369503771,
    "Couronne d'\u00e9pines": 0.0,
    "Fer a Cheval": 0.0,
    "Oiseau de Mauvais Augure": 16.162504203918797,
    "Tapis volant": 16.676190290193304,
    "Porte-Boules du Ponceur": 16.68461422115226,
    "Binocles de l'inventeur": 17.17742892970445,
    "Masque \u00e0 gaz": 17.713381767022224,
    "Journal du futur": 18.283391736929765,
    "Urne Ensorcel\u00e9e": 18.30815771811289,
    "Main invisible": 21.83472022279137,
    "Fruit du Destin": 21.990510410687893,
    "Grelot du Bouffon": 22.15531233479432,
    "Potion au Th\u00e9 Vert": 22.294415775966637,
    "Sac de Constantinople": 22.532834005216625,
    "Araign\u00e9e domestique": 22.857147006297357,
    "Totem d'immunit\u00e9": 22.979724367369187,
    "Pierre du Naga": 23.5050197952173,
    "Couteaux de lancer": 23.58810298886881,
    "Coursier volant": 23.69975022120081,
    "Armure vivante": 24.09389702808494,
    "\u0152il d'Horus": 24.774462128268464,
    "Fouet du fourbe": 24.873266376400576,
    "Couteau qui Tombe": 24.88175557265196,
    "Scotch du Silencieux": 24.892245497860912,
    "Potion d'escampette": 25.3930531005886,
    "Fil du destin": 25.393290356538134,
    "Perle rare": 25.86985587650972,
    "Coffre anim\u00e9": 26.519383179341368,
    "Barde": 26.975854855159152,
    "Eventail Maudit": 27.118068621861305,
    "La Cloche du D\u00e9j\u00e0-Vu": 27.264835861964023,
    "Griffes \u00e9clair": 27.78013764730248,
    "Tronconneuse Enflammee": 28.407040237993733,
    "Bombe pirate": 28.489750286944417,
    "Bouillon d'\u00e2mes": 28.540190600936615,
    "Carapace Bleue": 28.71143534120435,
    "Bo\u00eete de Pandore": 28.73596515800162,
    "Perceuse a Breche": 28.82472672535716,
    "Taser manuel": 29.111100165563734,
    "Potage Improvis\u00e9": 29.69045476223195,
    "Banane exp\u00e9rimentale": 29.716230281524325,
    "Shot d'adr\u00e9naline": 30.614516694971464,
    "Osselets de R\u00e9surrection": 30.722662372717693,
    "Elixir de chance": 30.778432044417276,
    "Aspis d'H\u00e9racl\u00e8s": 31.511832681167117,
    "Enclume instable": 31.891801262827645,
    "Rose d'or": 32.651573365414684,
    "Si\u00e8ge de Troie": 33.14206559049782,
    "Platree de Berniques": 33.2078372873595,
    "Peigne en or": 33.36671897143323,
    "Champignon V\u00e9n\u00e9neux": 33.46883711279513,
    "Grenade Singe": 33.76610185035631,
    "Potion de feu liquide": 34.16471842130216,
    "Cl\u00e9 Amulette": 34.22867665096699,
    "G\u00e2teau spatial": 34.34863915033796,
    "Coquillage Magique": 34.72278645310225,
    "Bottes de Vitesse": 34.7833896180243,
    "Roulette infernale": 34.84622769829043,
    "Coeur de Tarasque": 34.9793733971341,
    "Anneau du Vent": 35.058769936382454,
    "Fromage Puant": 35.34384027370289,
    "Hache de Glace": 35.71202743067548,
    "Seringue du docteur fou": 35.82485028768161,
    "Chameau": 35.85146840405283,
    "Calice du Roi Sorcier": 36.35602524027619,
    "Trousse de secours": 36.6912863968419,
    "Parchemin de Bahn": 36.93878776286928,
    "Cape de Plumes": 37.02420994237461,
    "Getas du novice": 37.12141094744727,
    "D\u00e9licieuse pizza": 37.26366013824402,
    "Anneau de Vie": 37.283829738978845,
    "Cape du novice": 37.67834562456155,
    "Lunettes du Bricoleur": 38.128518725774036,
    "Sceptre du Maharal": 38.311217215827185,
    "Boomerang Mystique": 38.58786503832048,
    "Viande Crue": 38.606458480617036,
    "Esprit du Donjon": 38.69563588237295,
    "Calumet de la Paix": 38.80257374835952,
    "Bouclier Dragon": 38.82908151296366,
    "Kit de Soin": 38.94810810433998,
    "Bouclier de l'inventeur": 39.58366588420125,
    "C\u0153ur de Golem": 39.677566139793846,
    "Disque de Vishnu": 39.888496830859246,
    "Cr\u00e2ne du N\u00e9cromancien": 40.09719600556956,
    "Casque \u00e0 cornes": 40.35068913384918,
    "Armure d'honneur": 40.89370599137373,
    "Coffre du Roi Sorcier": 40.94807090518393,
    "Compas du Capitaine": 40.95827429912352,
    "Dague de Brutus": 41.07427611435486,
    "Kit vaudou": 41.239553813664045,
    "Anneau Plussain": 41.47669056587724,
    "Potion de Glace": 41.48929821730147,
    "P\u00e2t\u00e9 d'Ange": 41.54120998439478,
    "D\u00e9 du Tricheur": 41.96659338448196,
    "C\u0153ur de Dragon": 42.383321817693876,
    "Miroir de Yata": 42.38934790384203,
    "Plan presque parfait": 42.51495248339521,
    "Sceptre Changeur": 42.539735846899625,
    "Maillet D'Argile": 42.76305551279998,
    "Cape d'invisibilit\u00e9": 42.765886251508874,
    "Set de C\u0153urs": 43.475315690386836,
    "Pistolet Laser": 43.566214744530136,
    "Sceau de L\u00e9galisation": 44.6118791764125,
    "Boulet de Canon": 44.744058400264976,
    "Imprimante": 44.824507830053165,
    "Ceinture du novice": 44.94129743258834,
    "Parfum r\u00e9g\u00e9n\u00e9rant": 44.99462152553252,
    "Canne \u00e0 Chep": 45.52669433384672,
    "Arbal\u00e8te trop grosse": 45.742940281918095,
    "Cape vaudou": 46.04032676593795,
    "Oursin dodu": 46.1028842989806,
    "Crocs enflam\u00e9es": 46.170961147735696,
    "Donjondex": 46.32419891292201,
    "Ceinture du Ponceur": 47.108260154790656,
    "Coupe des champions": 47.35980706183379,
    "Parchemin d'XP": 47.359819071434615,
    "Torche En Mousse": 47.506956393130395,
    "Tunique classe": 47.57437564904677,
    "Marteau flamboyant": 47.95794643830231,
    "Cocktail Molotov": 48.01563150765289,
    "Masque maudit": 48.20725618409432,
    "Glande pin\u00e9ale": 48.255012968142196,
    "Potion de Jouvence": 48.47364921591512,
    "Miroir du Ris\u00e9d": 48.49968176934739,
    "Bouclier cam\u00e9l\u00e9on": 48.5329529395008,
    "Barbecue du Ponceur": 48.60711795637034,
    "Surin crasseux": 48.66334766500345,
    "Chevali\u00e8re Pirate": 48.88383463228677,
    "Pioche de diamant": 49.01672776432032,
    "Toupie du Chaos": 49.07272638596096,
    "Grimoire Inconnu": 49.10773587379208,
    "Bombe de Midas": 49.37844567759207,
    "Ep\u00e9e de Damocles": 50.018240563219386,
    "Voile d'Isis": 50.033651317174005,
    "Pelle du Fossoyeur": 50.20400381537171,
    "Tambour de Kui": 50.4412116414738,
    "Parachute dor\u00e9": 50.51507843736176,
    "Masque de Fer": 50.56551021766428,
    "Bo\u00eete \u00e0 butin": 50.974015213644236,
    "Randotion": 51.48430379661886,
    "Poign\u00e9e de main": 51.90679774073784,
    "Botte de Pandore": 51.95095978108131,
    "Potion draconique": 52.02340233102828,
    "Corbeille d'or": 52.659682378517516,
    "Parfum de Scandale": 52.723807628536946,
    "Pomme d'Adam": 52.74939816820607,
    "Parchemin de poncage": 53.09053764975841,
    "Patins \u00e0 Glace": 53.22963630245561,
    "Gants de Ga\u00efa": 53.38613607465962,
    "Bourse garnie": 53.59774673312933,
    "Potion feerique": 54.39170146472311,
    "Cinq pierres de N\u00fcwa": 54.82703247740449,
    "Sceptre actif": 54.832148915257214,
    "Cotte de mailles": 55.25528547699743,
    "Fausse couronne": 55.272793565947616,
    "Cr\u00e2ne du Roi Liche": 55.348941898535415,
    "Torche Bleue": 55.504936522301755,
    "\u00c9pluche-Donjon": 55.50910725915705,
    "Maillet Du Roi Liche": 55.826213858068655,
    "Tatouage du Ponceur": 55.91332224753919,
    "Bagouze du parrain": 56.13940985278383,
    "Armure de mage": 56.52468431209689,
    "Forge Portative": 56.63920764669071,
    "Harpe Cinglante": 56.743204151505054,
    "Bouclier Magique": 56.7950427641436,
    "Yo-yo protecteur": 56.98720043004335,
    "Singe dor\u00e9": 57.112602588541485,
    "Tatouage maudit": 57.14261143417437,
    "Pierre d'\u00e2me": 57.286539280413535,
    "Katana": 57.60331641563944,
    "Feuille Eternelle": 57.66259771285655,
    "Chapeau styl\u00e9": 57.89928446683402,
    "Avis de recherche": 58.103234098570525,
    "Couteau Entre Les Dents": 58.16539871507039,
    "Valises de Cash": 58.403820582376405,
    "Pierre de Pressentiment": 58.99578103502845,
    "Armure Damn\u00e9e": 59.02927236327953,