{
    "Tron\u00e7onneuse enflamm\u00e9e": 41.27090404049314,
    "Masque \u00e0 gaz": 43.2713071828587,
    "Parchemin de Bahn": 45.09077798334967,
    "Barde": 46.039778393756286,
    "Potion de Glace": 46.26900024417575,
    "Hache d'Ex\u00e9cution": 46.62677889280491,
    "Bouclier Dragon": 46.996691254075664,
    "Main de Midas": 47.00516795423308,
    "Yo-yo protecteur": 47.02463162872998,
    "Bouclier cam\u00e9l\u00e9on": 47.43531946887805,
    "Potion de Mana": 47.537666212702305,
    "Pioche de diamant": 47.8154852419767,
    "Champ de force": 52.90578499693242,
    "Caisse enchant\u00e9e": 47.92953014435809,
    "C\u0153ur de Golem": 48.21312757995247,
    "Potion draconique": 48.25947346560578,
    "Katana": 48.394535567018,
    "G\u00e2teau spatial": 48.40797518410671,
    "Epaulette du Bourrin": 48.42703868624632,
    "Armure Damn\u00e9e": 48.47945257927581,
    "Item 3PV 2": 48.62666787373521,
    "ItemUseless": 48.86450852392876,
    "Armure d'honneur": 48.98723499349828,
    "Grimoire Inconnu": 48.99322591433263,
    "Gros boulet": 49.02648062806893,
    "Gants de Ga\u00efa": 49.23049194385201,
    "Coquillage Magique": 49.25871497702655,
    "Plan presque parfait": 49.411392829528744,
    "Item 4PV": 49.50110396061682,
    "Bo\u00eete de Pandore": 49.548405403762374,
    "Parchemin de T\u00e9l\u00e9portation": 49.644622432602795,
    "Item 6PV": 49.700373554858025,
    "Chapelet de Vitalit\u00e9": 49.74104577286805,
    "Masque de la Peste": 49.9090574428293,
    "Patins \u00e0 Glace": 49.983695871547276,
    "Item 3PV": 49.988412796292714,
    "Tunique classe": 50.00348033971871,
    "Valises de Cash": 50.13326213907033,
    "Potion f\u00e9\u00e9rique": 50.23238277862438,
    "Singe dor\u00e9": 50.2438018952264,
    "Bouclier Golemique": 50.24812864078459,
    "Item 5PV": 50.274439219639646,
    "Torche Rose": 50.31923948037429,
    "Arc enflamm\u00e9": 50.32671870938374,
    "Pierre d'\u00e2me": 50.40220829432012,
    "Couteau Suisse": 50.537272606018384,
    "Bouclier cass\u00e9": 50.67222407567392,
    "Pied de Biche": 50.72898603564124,
    "Graal en Mousse": 50.888635315450074,
    "Anneau du Feu": 50.89301683320227,
    "Talisman Incertain": 50.936873113002655,
    "Kebab revigorant": 51.216807551183386,
    "Marteau de Guerre": 51.543544749909934,
    "Couronne d'\u00e9pines": 0,
    "Anneau Magique": 52.147010230267455,
    "Chapeau du novice": 52.317395957521924,
    "Gants de combat": 52.717965642913946,
    "Glaive d'argent": 53.746891799575224,
    "Masque Dragon": 54.05365039690214,
    "Robe de mage": 54.81938434574644,
    "Fleau des liches": 55.42833749482189,
    "Anneau des surmulots": 56.041001856632626,
    "Marmite G\u00e9latineuse": 56.71071267535273
}