{
    "Couronne d'\u00e9pines": 0.0,
    "Tron\u00e7onneuse enflamm\u00e9e": 35.48434872674605,
    "Masque \u00e0 gaz": 36.25641570843888,
    "Potion de Glace": 40.24892931424273,
    "Barde": 40.49287243644644,
    "Parchemin de Bahn": 40.779334512718314,
    "Champignon V\u00e9n\u00e9neux": 41.23397883950809,
    "Bouclier Dragon": 41.8350906391087,
    "Fouet du fourbe": 43.003444491169034,
    "Bouclier cam\u00e9l\u00e9on": 43.517271439102736,
    "Armure d'honneur": 43.82972410126039,
    "Katana": 44.74056408771665,
    "Main de Midas": 45.751315121614034,
    "Potion de Mana": 46.18446725655846,
    "Hache de Glace": 46.43295705595717,
    "G\u00e2teau spatial": 46.508279613488675,
    "Pioche de diamant": 46.639454343086975,
    "Yo-yo protecteur": 47.05072103515485,
    "Gros boulet": 47.48023370834822,
    "Bouclier de l'inventeur": 47.774830813072796,
    "Item 3PV 2": 47.87273220245771,
    "Cape vaudou": 47.95143472152587,
    "Calice du Roi Sorcier": 48.243775742691,
    "Seringue du docteur fou": 48.323312670983015,
    "Item 5PV": 48.479966189024395,
    "Tunique classe": 48.50579111616883,
    "Patins \u00e0 Glace": 48.511650468100456,
    "Epaulette du Bourrin": 48.52442703710551,
    "Armure Damn\u00e9e": 48.52728925653756,
    "Fer a Cheval": 48.66314066631364,
    "Boulet de Canon": 48.66960530759346,
    "Coffre anim\u00e9": 48.69408603338379,
    "Marteau flamboyant": 48.743791196870205,
    "Pierre d'\u00e2me": 48.78382321519889,
    "Sceptre actif": 48.88080895932232,
    "C\u0153ur de Golem": 48.91078985965532,
    "Coquillage Magique": 48.93733915173483,
    "Esprit du Donjon": 48.945736943767756,
    "Armure Ardente": 48.98209392635634,
    "Scaphandre": 49.090146721175564,
    "Bo\u00eete de Pandore": 49.09599387130214,
    "Item 6PV": 49.115463830492374,
    "D\u00e9 du Tricheur": 49.1814094464287,
    "Singe dor\u00e9": 49.35230354650073,
    "Potion f\u00e9\u00e9rique": 49.37664720394209,
    "Potion draconique": 49.38453903366717,
    "Grimoire Inconnu": 49.47693043847249,
    "Gants de Ga\u00efa": 49.50694686175708,
    "Caisse enchant\u00e9e": 49.60354767589331,
    "Item 4PV": 49.651880785479975,
    "Katana en Mousse": 49.67056033528818,
    "Anneau de Vie": 49.67624711074531,
    "Parchemin de T\u00e9l\u00e9portation": 49.90930879262139,
    "Bottes de Vitesse": 49.93742170562453,
    "Getas du novice": 49.950957090122685,
    "Perceuse a Breche": 50.00553752164949,
    "Arc enflamm\u00e9": 50.06199732807308,
    "Pistolet Pirate": 50.19934039786163,
    "Pendentif du Novice": 50.34144485801326,
    "Couronne en Mousse": 50.43352941791903,
    "ItemUseless": 50.46919319059324,
    "Bouclier Golemique": 50.54948440896139,
    "Valises de Cash": 50.609180331992796,
    "Chapelet de Vitalit\u00e9": 50.61845133694964,
    "Bouclier cass\u00e9": 50.65080029163601,
    "Coquille Salvatrice": 50.67033161648106,
    "Patte du RatLiche": 50.70817333575444,
    "Item 3PV": 50.78035450738639,
    "Kebab revigorant": 50.82006972001827,
    "Cr\u00e2ne du Roi Liche": 50.84069673770815,
    "Masque de la Peste": 50.842830733522014,
    "Treize \u00e0 Seize": 50.88349794653642,
    "Corne d'abordage": 50.911032617877865,
    "Sabre m\u00e9canique": 51.00607096339608,
    "Epee mystique": 51.00648078283565,
    "Anneau Plussain": 51.04762064835717,
    "Livre Sacr\u00e9": 51.129296249804916,
    "Plan presque parfait": 51.295410946851376,
    "Enclume instable": 51.41776036754821,
    "Lame de l'Harmonie": 51.67149925112777,
    "Couteau Suisse": 51.936092577334534,
    "Feuille Eternelle": 52.0306813460424,
    "Torche Rose": 52.051545986266504,
    "Torche Bleue": 52.95169370484763,
    "Pied de Biche": 52.960920334044864,
    "Lame Draconique": 53.00981057314724,
    "Talisman Incertain": 53.32531691858377,
    "Marteau d'Eternit\u00e9": 53.873866938925715,
    "Randotion": 54.11040790760843,
    "PotionOuPoison": 54.40519129386049,
    "Marteau de Guerre": 54.5202130044847,
    "Champ de force en mousse": 54.746025779547175,
    "Glaive d'argent": 56.642058917922064,
    "Graal en Mousse": 56.93761870879991,
    "Anneau du Feu": 57.03943978641876,
    "Chapeau du novice": 57.85040884059224,
    "Anneau Magique": 59.89858550164125,
    "Masque Dragon": 62.41227160956942,
    "Gants de combat": 62.43133092311646,
    "Robe de mage": 64.38873371751622,
    "Fleau des liches": 64.68355658505871,
    "Anneau des surmulots": 67.27755441120394,
    "Marmite G\u00e9latineuse": 68.09544514544086
}