{
    "Couronne d'\u00e9pines": 0.0,
    "Tron\u00e7onneuse enflamm\u00e9e": 34.01412808666973,
    "Masque \u00e0 gaz": 34.77344549449976,
    "Champignon V\u00e9n\u00e9neux": 38.484711725957204,
    "Potion de Glace": 38.576633993714594,
    "Parchemin de Bahn": 38.58404063587774,
    "Barde": 39.064361421442754,
    "Bouclier Dragon": 40.92538525895126,
    "Bouclier cam\u00e9l\u00e9on": 41.03551706754782,
    "Fouet du fourbe": 41.434801327725836,
    "Armure d'honneur": 43.37518689648297,
    "Hache de Glace": 44.337749670588636,
    "D\u00e9licieuse pizza": 44.48270678630975,
    "Cape vaudou": 44.59171029970936,
    "Boomerang Mystique": 44.78450806769565,
    "Platree de Berniques": 44.8475188179267,
    "Katana": 44.89299717201757,
    "Pioche de diamant": 45.119961923923015,
    "G\u00e2teau spatial": 45.65684332348528,
    "Potion de Mana": 46.041832261879826,
    "Seringue du docteur fou": 46.15104450345899,
    "Gros boulet": 46.56571050193441,
    "Main de Midas": 46.7062576935064,
    "Bouclier de l'inventeur": 46.98714622439812,
    "Yo-yo protecteur": 47.25238943601865,
    "Bo\u00eete de Pandore": 47.50771187655109,
    "Pierre d'\u00e2me": 47.992403265960164,
    "Epaulette du Bourrin": 48.258284853546186,
    "Sceptre actif": 48.273808317577206,
    "Item 3PV 2": 48.28610016398602,
    "Coffre anim\u00e9": 48.3185611791164,
    "Patins \u00e0 Glace": 48.33305997124637,
    "Potion draconique": 48.515652563807315,
    "Boulet de Canon": 48.56400605560178,
    "C\u0153ur de Golem": 48.596152305779896,
    "Elixir de chance": 48.60572751997132,
    "Item 4PV": 48.62436662132147,
    "D\u00e9 du Tricheur": 48.64011370246057,
    "ItemUseless": 48.64391019522722,
    "Armure Damn\u00e9e": 48.69336522019542,
    "Potion f\u00e9\u00e9rique": 48.73241049931419,
    "Tunique classe": 48.79355661621615,
    "Anneau de Vie": 49.090615746242065,
    "Coquillage Magique": 49.115880833238094,
    "Calice du Roi Sorcier": 49.33327952124393,
    "Fer a Cheval": 0.00,
    "Esprit du Donjon": 49.41506644012444,
    "Marteau flamboyant": 49.448375258678205,
    "Bo\u00eete \u00e0 butin": 49.487941817054825,
    "Chapeau styl\u00e9": 49.5,
    "Chameau": 49.5,
    "Potion de feu liquide": 49.5,
    "Grimoire Inconnu": 49.51179395757214,
    "Valises de Cash": 49.64626931372409,
    "Armure du Roi Liche": 49.74997263805201,
    "Singe dor\u00e9": 49.752939910996155,
    "Gants de Ga\u00efa": 49.863378871405665,
    "Armure Ardente": 49.97209779987192,
    "Coquille Salvatrice": 50.07655379507999,
    "Epee mystique": 50.081808666503086,
    "Perceuse a Breche": 50.11123992139031,
    "Item 6PV": 50.265818864366075,
    "Parchemin de T\u00e9l\u00e9portation": 50.3894415824306,
    "Scaphandre": 50.44356271976568,
    "Treize \u00e0 Seize": 50.451508264441735,
    "Chapelet de Vitalit\u00e9": 50.5179778789893,
    "Plan presque parfait": 50.54650918085372,
    "Couronne en Mousse": 50.59924274610289,
    "Cr\u00e2ne du Roi Liche": 50.606673967239175,
    "Bottes de Vitesse": 50.63311815337305,
    "Corne d'abordage": 50.67840898141927,
    "Pendentif du Novice": 50.75280482230084,
    "Caisse enchant\u00e9e": 50.764372838505025,
    "Coiffe de sorcier": 50.80206281513908,
    "Getas du novice": 50.80418905603936,
    "Item 5PV": 50.81950788452881,
    "Arc enflamm\u00e9": 50.886543429322856,
    "Anneau Oceanique": 51.19922767612438,
    "Enclume instable": 51.236474541335475,
    "Katana en Mousse": 51.40072250784732,
    "Masque de la Peste": 51.410025921908264,
    "Patte du RatLiche": 51.443872279422095,
    "Item 3PV": 51.4498366897452,
    "Pistolet Pirate": 51.465670693565045,
    "Anneau Plussain": 51.48333432282823,
    "Bouclier cass\u00e9": 51.51002363480284,
    "Kebab revigorant": 51.85831790825992,
    "Bouclier Golemique": 52.050910188516546,
    "Livre Sacr\u00e9": 52.06098850463962,
    "Torche Rose": 52.51236150323227,
    "Lame de l'Harmonie": 52.77112932152225,
    "Couteau Suisse": 53.301412559743355,
    "Feuille Eternelle": 53.3402966521155,
    "Sabre m\u00e9canique": 53.98344852742616,
    "Pied de Biche": 53.99753846339719,
    "Marteau d'Eternit\u00e9": 54.613756160054315,
    "Lame Draconique": 55.313995649450945,
    "Randotion": 55.472872542394796,
    "Torche Bleue": 55.714827915327355,
    "Talisman Incertain": 55.91001372248441,
    "Marteau de Guerre": 56.01799366957577,
    "PotionOuPoison": 57.053085109197426,
    "Champ de force en mousse": 57.340561562719955,
    "Graal en Mousse": 58.25024433469928,
    "Anneau du Feu": 59.06123482455497,
    "Glaive d'argent": 59.356791209402694,
    "Chapeau du novice": 59.389046207245954,
    "Anneau Magique": 64.05660738950576,
    "Masque Dragon": 66.6018649377436,
    "Robe de mage": 67.4496381562678,
    "Gants de combat": 67.51332643251163,
    "Fleau des liches": 67.51828680228391,
    "Anneau des surmulots": 69.32988395480751,
    "Marmite G\u00e9latineuse": 73.94125811137894
}