{
    "Couronne d'\u00e9pines": 0.0,
    "Tron\u00e7onneuse enflamm\u00e9e": 37.913265038656576,
    "Masque \u00e0 gaz": 38.78922601256281,
    "Parchemin de Bahn": 41.61322556304781,
    "Barde": 41.95310704127854,
    "Bouclier Dragon": 42.80860715954658,
    "Potion de Glace": 43.05901042224394,
    "Hache d'Ex\u00e9cution": 43.65000066368051,
    "Champignon V\u00e9n\u00e9neux": 44.23972825291041,
    "Main de Midas": 44.387947525707645,
    "Armure d'honneur": 45.2403555291884,
    "G\u00e2teau spatial": 45.39635516594083,
    "Bouclier cam\u00e9l\u00e9on": 45.49319688942258,
    "Potion de Mana": 45.57469155033566,
    "Pioche de diamant": 46.492092007695575,
    "Yo-yo protecteur": 46.53300539701275,
    "Fouet du fourbe": 46.719666124415795,
    "Katana": 46.756016399012665,
    "Item 3PV 2": 47.96182468515719,
    "Gros boulet": 48.31235999000426,
    "Armure Damn\u00e9e": 48.38745065763117,
    "Epaulette du Bourrin": 48.438188042098055,
    "Potion draconique": 48.607156404102575,
    "Parchemin de T\u00e9l\u00e9portation": 48.71901725517387,
    "Boulet de Canon": 48.73456665500742,
    "Calice du Roi Sorcier": 48.74718899975792,
    "Caisse enchant\u00e9e": 48.93247050221315,
    "Grimoire Inconnu": 48.94868934968978,
    "Coquillage Magique": 48.957719485517,
    "Pierre d'\u00e2me": 48.97712631935299,
    "C\u0153ur de Golem": 49.06513290355771,
    "Anneau de Vie": 49.193656490970405,
    "Coffre anim\u00e9": 49.24736406403384,
    "Singe dor\u00e9": 49.24880240019479,
    "Item 4PV": 49.263612694849975,
    "Perceuse a Breche": 49.34583900059338,
    "Tunique classe": 49.37523243285108,
    "Item 6PV": 49.45940721172811,
    "Patins \u00e0 Glace": 49.49462432334444,
    "Gants de Ga\u00efa": 49.58266202204366,
    "Getas du novice": 49.63786915593151,
    "ItemUseless": 49.70062558508358,
    "Chapelet de Vitalit\u00e9": 49.7393124248691,
    "Cr\u00e2ne du Roi Liche": 49.764063844165804,
    "Arc enflamm\u00e9": 49.93411215749185,
    "Bottes de Vitesse": 50.00663943588735,
    "Potion f\u00e9\u00e9rique": 50.128281796337916,
    "Item 5PV": 50.16617276100955,
    "Patte du RatLiche": 50.22580195308729,
    "Coquille Salvatrice": 50.32817028249242,
    "Anneau Plussain": 50.37610897378737,
    "Bo\u00eete de Pandore": 50.398666169266555,
    "Masque de la Peste": 50.39875302060995,
    "Valises de Cash": 50.48452808417208,
    "Bouclier Golemique": 50.52614834586117,
    "Plan presque parfait": 50.56462567143927,
    "Bouclier cass\u00e9": 50.61993299110732,
    "Lame Draconique": 50.722710088559936,
    "Kebab revigorant": 50.93536177539234,
    "Enclume instable": 50.95605171841196,
    "Couteau Suisse": 51.09586166182709,
    "Item 3PV": 51.387750824054606,
    "Feuille Eternelle": 51.535639646135316,
    "Lame de l'Harmonie": 51.674756148534385,
    "Torche Bleue": 52.03003514386346,
    "Randotion": 52.452307760929486,
    "Marteau d'Eternit\u00e9": 52.50789021218905,
    "Torche Rose": 52.5926021408309,
    "Pied de Biche": 52.65081991379533,
    "PotionOuPoison": 52.91460764305824,
    "Talisman Incertain": 53.327521830744224,
    "Champ de force en mousse": 53.4875536419417,
    "Graal en Mousse": 53.9745479212357,
    "Marteau de Guerre": 54.93492174909228,
    "Anneau du Feu": 55.50361378445916,
    "Glaive d'argent": 55.79137804952133,
    "Chapeau du novice": 56.33573917936678,
    "Anneau Magique": 56.42772242424253,
    "Gants de combat": 57.684592016017184,
    "Masque Dragon": 59.74562201601433,
    "Robe de mage": 61.33250243587271,
    "Fleau des liches": 62.026141470481505,
    "Anneau des surmulots": 63.58039706127431,
    "Marmite G\u00e9latineuse": 64.56565853273415
}