{
    "Fer a Cheval": 0.0,
    "Couronne d'\u00e9pines": 0.0,
    "Tron\u00e7onneuse enflamm\u00e9e": 32.58296233986107,
    "Masque \u00e0 gaz": 33.94932961024777,
    "Potion de Glace": 36.69478443153672,
    "Parchemin de Bahn": 36.80950170998315,
    "Champignon V\u00e9n\u00e9neux": 37.13159573261126,
    "Barde": 37.746751659826,
    "Fouet du fourbe": 38.892377345230045,
    "Bouclier Dragon": 39.187925831421595,
    "D\u00e9licieuse pizza": 39.977774197703084,
    "Bouclier cam\u00e9l\u00e9on": 41.04690635147054,
    "Boomerang Mystique": 41.36407676920608,
    "Cape vaudou": 41.4148544821047,
    "Platree de Berniques": 41.4660335370623,
    "Hache de Glace": 41.775376988225574,
    "Armure d'honneur": 43.46567899129914,
    "Casque Plus": 43.93595798767227,
    "Seringue du docteur fou": 44.18430168675321,
    "Pioche de diamant": 44.19927620355391,
    "Potion de feu liquide": 44.90902137142225,
    "G\u00e2teau spatial": 45.0879892260895,
    "Katana": 45.36968220892177,
    "Potion de Mana": 45.604951703674296,
    "Bouclier de l'inventeur": 46.07420733254342,
    "Kit vaudou": 46.10961791293707,
    "Bo\u00eete de Pandore": 46.36063319831474,
    "Gros boulet": 46.461039153463496,
    "Potion d'adr\u00e9naline": 46.71667494269068,
    "Elixir de chance": 46.84792812901907,
    "Item 3PV 2": 47.16635736943776,
    "Pierre d'\u00e2me": 47.26820708715101,
    "Yo-yo protecteur": 47.48173649754676,
    "Sceptre actif": 47.61279453001978,
    "Epaulette du Bourrin": 47.721051357284416,
    "Peigne en or": 48.18132203073368,
    "Potion draconique": 48.22014372888917,
    "Main de Midas": 48.22834298234504,
    "Boulet de Canon": 48.234934604080806,
    "Anneau volcanique": 48.327800777863644,
    "D\u00e9 du Tricheur": 48.359228823901546,
    "Canne \u00e0 Chep": 48.471244014029594,
    "Chameau": 48.762416246008385,
    "Patins \u00e0 Glace": 48.85456672990431,
    "Tunique classe": 48.90711163001198,
    "Coffre anim\u00e9": 48.96057919440045,
    "Grimoire Inconnu": 48.98561998066396,
    "C\u0153ur de Golem": 49.008995271002874,
    "Ankh de r\u00e9incarnation": 49.03185148054284,
    "Anneau de Vie": 49.038188399061944,
    "Armure Ardente": 49.05435886436923,
    "Chapeau styl\u00e9": 49.05782607448567,
    "Getas du novice": 49.16139469392564,
    "Perceuse a Breche": 49.31973838234639,
    "Potion f\u00e9\u00e9rique": 49.34743115707192,
    "Gants de Ga\u00efa": 49.37267862749267,
    "ItemUseless": 49.40220063041853,
    "Calice du Roi Sorcier": 49.46455997877123,
    "C\u0153ur de Dragon": 49.54781134502673,
    "Valises de Cash": 49.65490750945366,
    "Coquillage Magique": 49.76688216892309,
    "Esprit du Donjon": 49.80258596399929,
    "Plan presque parfait": 49.84725989948985,
    "Item 6PV": 50.025647987571226,
    "Chapelet de Vitalit\u00e9": 50.07404184289252,
    "Coffre du Roi Sorcier": 50.120333700078426,
    "Item 4PV": 50.192719803904374,
    "Singe dor\u00e9": 50.21738396524713,
    "Coquille Salvatrice": 50.2859023301685,
    "Dragoune": 50.301937033571306,
    "Marteau de combat": 50.388944078946466,
    "Lampe magique": 50.438836915287,
    "Armure Damn\u00e9e": 50.448222087750565,
    "Arc enflamm\u00e9": 50.781773614074844,
    "Bo\u00eete \u00e0 butin": 50.80953041132797,
    "Marteau flamboyant": 50.83358273388901,
    "Item 5PV": 50.95392612170987,
    "Pendentif du Novice": 50.97867337504189,
    "Armure du Roi Liche": 51.0419251657103,
    "Epee mystique": 51.05917860424516,
    "Anneau Plussain": 51.19311179560929,
    "Bottes de Vitesse": 51.271222042634236,
    "Caisse enchant\u00e9e": 51.47041135814819,
    "Parchemin de T\u00e9l\u00e9portation": 51.58032303587054,
    "Kebab revigorant": 51.72516552340949,
    "Item 3PV": 51.84096401949427,
    "Lame de l'Harmonie": 51.95274710804293,
    "Bouclier cass\u00e9": 51.97811532600527,
    "Cr\u00e2ne du Roi Liche": 52.01180418208328,
    "Scaphandre": 52.04069167709445,
    "Pistolet Pirate": 52.07083064073753,
    "Treize \u00e0 Seize": 52.12452374733455,
    "Corne d'abordage": 52.25278693587443,
    "Masque de la Peste": 52.35415563709459,
    "Anneau Oceanique": 52.71194542908668,
    "Coiffe de sorcier": 52.74747134015004,
    "Livre Sacr\u00e9": 52.79041479371176,
    "Enclume instable": 52.82841107098672,
    "Patte du RatLiche": 53.28976069253428,
    "Couronne en Mousse": 53.33212528710811,
    "Katana en Mousse": 53.33683358876306,
    "Couteau Suisse": 53.501910547954424,
    "Bouclier Golemique": 53.71870955118227,
    "Feuille Eternelle": 54.77484120986273,
    "Marteau d'Eternit\u00e9": 55.703504626236516,
    "Sabre m\u00e9canique": 55.83400154243303,
    "Pied de Biche": 56.08431868175594,
    "Torche Rose": 56.087102240238494,
    "Talisman Incertain": 57.429899479748784,
    "Torche Bleue": 57.83165368960121,
    "Lame Draconique": 58.186645301241185,
    "Randotion": 58.46893287658128,
    "Marteau de Guerre": 58.53069802214485,
    "PotionOuPoison": 58.84431626387895,
    "Chapeau du novice": 59.987791314370014,
    "Champ de force en mousse": 60.32869329591299,
    "Anneau du Feu": 60.56264943956623,
    "Glaive d'argent": 61.38125797724461,
    "Graal en Mousse": 61.888940062552564,
    "Anneau Magique": 67.59764364315134,
    "Robe de mage": 68.96423570338655,
    "Masque Dragon": 71.05766176477994,
    "Fleau des liches": 71.16798438410729,
    "Gants de combat": 71.32513121824087,
    "Anneau des surmulots": 74.00901888883897,
    "Marmite G\u00e9latineuse": 78.47962194925236
}